"follow","〜（の後）に続く\r\n〈指示・方針など〉\r\nに従う","follow her advice\r\n彼女の助言に従う"
"consider","〜を考慮する","consider the problem seriously\r\nその問題を真剣に考える"
"increase","増える；〜を増やす","increase by 20 percent\r\n20%増加する"
"expect","〜を予期する","expect you to arrive soon\r\n君がすぐ来ることを予期する"
"decide","〜することを決意する","decide to tell the truth\r\n真実を語る決意をする"
"develop","発達する;\r\n〜を発達させる","develop a unique ability\r\n特異な能力を発達させる"
"provide","〜を供給する,\r\n与える","provide him with information\r\n彼に情報を与える"
"continue","続く;\r\n（〜を）続ける\r\n（=go on，carry on）","continue to grow fast\r\n急速に成長し続ける"
"include","〜を含む，含める","The list includes his name.\r\nリストは彼の名前を含んでいる"
"remain","〈ある状態の〉\r\nままでいる","remain silent\r\n黙ったままでいる"
"reach","〜に着く\r\n（=arrive at）;\r\n〜に達する","reach the mountain top\r\n山頂に達する"
"allow","〜を許可する","allow him to go out\r\n彼に外出を許可する"
"force","〜を強制する","be forced to leave\r\n立ち退きを強制される"
"offer","〜を申し出る","offer help to the poor\r\n貧しい人に援助を申し出る"
"realize","〜を悟る","realize the error\r\nその間違いを悟る"
"require","〜を必要とする\r\n（=need）","require more attention\r\nもっと注意を必要とする"
"suggest","〜と提案する\r\n〜をほのめかす","suggest a new way\r\n新しいやり方を提案する"
"worry","心配する","worry about money\r\nお金のことを心配する"
"wonder","（+wh/if節）\r\n〜かと疑問に思う","wonder where he has gone\r\n彼はどこに行ったのかと思う"
"cost","〈費用〉を要する","The car cost me $50,000.\r\nその車には5万ドルかかった。"
"tend","（tend to V)\r\nVする傾向がある,\r\nVしがちである\r\n","tend to get angry\r\n腹を立てがちである"
"depend","（depend on A）\r\nAに依存する,\r\nAしだいで決まる","Everything depends on him.\r\nすべては彼しだいだ。"
"share","〜を分け合う,\r\n共有する","share the room with a friend\r\n友人と部屋を共有する"
"demand","〜を要求する","demand more money\r\nさらに金を要求する"
"support","〜を支持する\r\n〈家族など〉を養う\r\n〜を立証する","support the President\r\n大統領を支持する"
"hire","〜を雇う","limit the speed\r\n速度を制限する"
"regard","（regard A as B)\r\nAをBだと思う,\r\nみなす","regard him as a friend\r\n彼を友達とみなす"
"base","(A be based on B)\r\nAがBに\r\n基づいている","This story is based on fact.\r\nこの話は事実に基づいている。"
"improve","〜を向上させる","improve my English ability\r\n英語力を向上させる"
"recognize","〜を認める","recognize the importance\r\n重要性を認める"
"notice","〜に気づく","notice the color change\r\n色彩の変化に気づく"
"suppose","〜だと思う","be supposed to wear a seat belt\r\nシートベルトを締めることになっている"
"raise","〜を上げる\r\n〜を育てる（=bring up)\r\n〈問題など〉を提起する\r\n［名］賃上げ(=pay raise)","raise three children\r\n3人の子供を育てる"
"prefer","〜をより好む","prefer tea to coffee\r\nコーヒーよりお茶を好む"
"enter","〈場所・学校〉\r\nに入る","enter college at fifteen\r\n15歳で大学に入る"
"suffer","〈苦痛・損害など〉\r\nを経験する，受ける;\r\n（病気などで）苦しむ","suffer heavy damage\r\nひどい損害を受ける"
"describe","〜を描写する,\r\n〜の特徴を説明する","describe the lost bag\r\nなくしたバッグの特徴を言う"
"prevent","〜をさまたげる","prevent him from going out\r\n彼が外出するのをさまたげる"
"reduce","〜を減らす","reduce weight\r\n体重を減らす"
"mistake","〜を誤解する,\r\nまちがえる","mistake salt for sugar\r\n塩を砂糖と間違える"
"prepare","（〜の）準備をする\r\n（+for)","prepare a room for a guest\r\n客のために部屋を準備する"
"encourage","〈人を〉はげます","encourage children to read\r\n子供に読書をすすめる"
"prove","〜だとわかる\r\n(=turn out)\r\n〜を証明する","prove to be true\r\n本当だとわかる"
"join","〜に参加する\r\n(=take part in)","join the baseball club\r\n野球部に入る"
"treat","〜をあつかう","treat him like a child\r\n彼を子どものように扱う"
"establish","〜を確立する,\r\n設立する\r\n(=found)","establish a new company\r\n新会社を設立する"
"relate","関係がある","stress-related illness\r\nストレスと関係のある病気"
"compare","〜を比較する\r\n〜をたとえる","compare Japan with China\r\n日本と中国を比較する"
"spread","〜を広げる;\r\n広がる","spread the tablecloth\r\nテーブルクロスを広げる"
"refer","(refer to A)\r\nAを指示する","What does this word refer to?\r\nこの語は何を指示するか"
"supply","〜を供給する","supply the city with water\r\nその都市に水を供給する"
"gain","〜を得る","gain useful knowledge\r\n有益な知識を得る"
"destroy","〜を破壊する","destroy the Berlin Wall\r\nベルリンの壁を破壊する"
"apply","当てはまる\r\n申し込む","apply the rule to every case\r\n全ての場合に規則をあてはめる"
"seek","〜を求める","seek help from the police\r\n警察に助けを求める"
"search","（search for A)\r\nAを捜す","search for the stolen car\r\n盗難車を捜す"
"claim","〜と主張する\r\n〜を（当然の権利\r\nとして）要求する","He claims that he saw a UFO.\r\n彼はUFOを見たと主張する"
"draw","〜を引っぱる\r\n〈図・絵〉を\r\n（線で）描く","draw a map\r\n地図を描く"
"introduce","〜を紹介する","introduce you to my friend\r\n友人に君を紹介する"
"refuse","〈申し出など〉\r\nを断る","refuse to kiss him\r\n彼にキスするのを拒む"
"mention","〜について述べる","Never mention it again.\r\n二度とそのことを口にするな"
"judge","〜を判断する","judge a person by his looks\r\n人を外見で判断する"
"approach","（〜に）接近する\r\n〈問題など〉に取り組む\r\n［名］（研究などの）方法","A typhoon is approaching Japan.\r\n台風が日本に接近している"
"admit","〈自分に不利・\r\n不快なこと〉を認める（+that〜)","admit a mistake\r\n誤りを認める"
"reflect","〜を反映する,反射する\r\n(reflect on A)\r\nAについてよく考える","reflect the mood of the times\r\n時代の気分を反映する"
"perform","〜を行う,\r\n〜を遂行する\r\n(=carry out)","perform the work\r\n仕事を遂行する"
"bore","〈人〉をうんざりさせる","a very boring movie\r\nすごく退屈な映画"
"survive","生き残る","survive in the jungle\r\nジャングルで生き残る"
"represent","〜を表す","Words represent ideas.\r\n言葉は考えを表す。"
"argue","〜と主張する\r\n(+that〜)","argue that he is wrong\r\n彼は間違っていると主張する"
"grant","〜を認める\r\n(=admit)\r\n〜を与える","take freedom for granted\r\n自由を当然と考える"
"indicate","〜を指し示す","The data indicate that he is right.\r\nデータは彼が正しいことを示している"
"belong","所属している","He belongs to the CIA.\r\n彼はCIAに属している"
"acquire","〈言語,技術など〉\r\nを習得する","acquire a language\r\n言語を習得する"
"reply","返事をする","reply to his letter\r\n彼の手紙に返事をする"
"feed","〜にエサをやる,\r\n〜を養う","feed a large family\r\n大ぜいの家族を養う"
"escape","逃げる","escape from the problem\r\n問題から逃避する"
"replace","〜に取って代わる,\r\n〜を取り替える","replace the old system\r\n古い制度に取って代わる"
"reveal","〜を明らかにする","reveal a surprising fact\r\n驚くべき事実を明らかにする"
"surround","〜を取り囲む","Japan is surrounded by the sea.\r\n日本は海に囲まれている"
"suit","〜に合う","The job suits you.\r\nその仕事は君に合っている"
"estimate","〈数量〉を推定する","the estimated population of Japan\r\n日本の推定人口"
"aim","(aim at A)\r\nAをねらう","aim at the target\r\n標的をねらう"
"earn","〈金〉をもうける,\r\nかせぐ","earn money for the family\r\n家族のためにお金をかせぐ"
"decline","衰退する，低下する\r\n〜を辞退する","My memory began to decline.\r\n記憶力が低下し始めた"
"afford","〜をする［持つ］\r\n余裕がある","can""t afford to buy a Ford\r\nフォードの車を買う余裕がない"
"confuse","〈人〉を当惑させる","be confused by her anger\r\n彼女の怒りに当惑する"
"graduate","(graduate from A)\r\nAを卒業する","graduate from high school\r\n高校を卒業する"
"vary","変わる,\r\nさまざまである","vary from country to country\r\n国によって変わる"
"remove","〜を移す，取り去る","remove the cover\r\nカバーを取り除く"
"insist","〜と（強く）主張する,\r\n言い張る","insist on going there alone\r\n一人でそこに行くと言い張る"
"examine","〜を調査する","examine every record\r\nあらゆる記録を調べる"
"remind","(remind A of B)\r\nAにBのことを\r\n思い出させる","remind him of the promise\r\n彼に約束を思い出させる"
"contribute","(to+A)Aに貢献する;\r\nAの一因となる\r\n(+A to B)AをBに寄付する","contribute to world peace\r\n世界平和に貢献する"
"warn","〈人〉に警告する","warn him of the danger\r\n彼に危険を警告する"
"connect","〜をつなぐ","connect Honshu with Shikoku\r\n本州と四国をつなぐ"
"match","〜に匹敵する\r\n〜に調和する\r\n(=go with)","match him in power\r\n力で彼に匹敵する"
"focus","焦点を合わせる","focus on the topic\r\nその話題に焦点を合わせる"
"reject","〈提案など〉を断る","reject the proposal\r\n提案を拒否する"
"convince","〈人〉を納得させる,\r\n確信させる","convince him of our success\r\n彼に成功を確信させる"
"associate","(associate A with B)\r\nAをBに関連づける,\r\nAからBを連想する","Red is associated with danger.\r\n赤は危険と結びつけられる"
"rush","急いで行く","rush into the hospital\r\n病院へ急いで行く"
"stress","〜を強調する","stress the need for information\r\n情報の必要性を強調する"
"attract","〈人・注意〉\r\nを引きつける","attract his attention\r\n彼の注意を引きつける"
"rely ","(rely on［upon］A)\r\nAに頼る","rely on their power\r\n彼らの力に頼る"
"respond","(respond to A)\r\nAに返答する","respond to questions\r\n質問に答える"
"threaten","〜を脅迫する","threaten to kill the girl\r\nその娘を殺すと脅迫する"
"adopt","〈理論・技術など〉\r\nを採用する","adopt a new system\r\n新しいシステムを採用する"
"shake","〜を振る","shake the bottle well\r\nビンをよく振る"
"hurt","〜を傷つける","hurt her feelings\r\n彼女の気持を傷つける"
"operate","〈機械などが〉作動する\r\n〈機械など〉を操作する\r\n手術する(+on)","operate a computer with a mouse\r\nマウスでコンピュータを操作する"
"extend","〜を広げる，延長する","extend my stay for two days\r\n滞在を二日延長する"
"blame","〜を非難する,\r\n〜のせいにする","blame others for the failure\r\n失敗を他人のせいにする"
"consist","(consist of A)\r\nAで構成されている","The book consists of six lessons.\r\nその本は6課で構成されている。"
"persuade","〜を説得する","persuade them to go back\r\n彼らを説得して帰らせる"
"admire","〜に感心する","admire her English ability\r\n彼女の英語力に感服する"
"disappoint","〜を失望させる","be disappointed with the test results\r\n試験の結果に失望する"
"expand","（〜を）拡大する","expand the market\r\n市場を拡大する"
"preserve","〜を保護する,\r\n〜を保つ","preserve forests\r\n森林を保護する"
"struggle","苦闘する，もがく","struggle to get free\r\n自由になろうともがく"
"arrange","〈会合など〉の\r\n手はずを整える\r\n〜を配列する\r\n","arrange the meeting\r\n会議の手はずを整える"
"disturb","〈人・仕事など〉\r\nをさまたげる\r\n(=interrupt)","disturb his sleep\r\n彼の睡眠を妨げる"
"employ","〜を雇う\r\n〈方法・言葉など〉\r\nを用いる(=use)","employ her as a typist\r\nタイピストとして彼女を雇う"
"engage","(engage in A)\r\nA（仕事・活動など）\r\nに従事する,\r\nAを行う","engage in volunteer activities\r\nボランティア活動に従事する"
"abandon","〜を捨てる","an abandoned child\r\n捨てられた子供"
"display","〜を展示する;\r\n〜を表す","display a talent\r\n才能を誇示する"
"encounter","〜に偶然出会う","encounter many difficulties\r\n数々の困難に出会う"
"exhaust","〈人〉を疲れはてさせる","be too exhausted to speak\r\n口もきけないほど疲れはてている"
"bother","〈人〉に面倒をかける,\r\n困らせる\r\n（〜を）気にする","I don""t want to bother you.\r\nあなたを困らせたくない"
"concentrate","集中する","concentrate on what he is saying\r\n彼の話に集中する"
"adapt","〜を適応させる,\r\n適応する","adapt to the change\r\n変化に適応する"
"puzzle","〜を当惑させる\r\n(=confuse)","be puzzled by the problem\r\nその問題に頭を悩ませる"
"appeal","(appeal to A)\r\nA〈理性・感情など〉に訴える\r\n〈人〉を引きつける\r\n［名］魅力","appeal to feelings\r\n感情に訴える"
"combine","〜を結合させる","combine music and drama\r\n音楽と演劇を結合させる"
"delay","〜を遅らせる","delay his arrival\r\n彼の到着を遅らせる"
"repair","〜を修理する","repair the car\r\n車を修理する"
"fascinate","〈人〉を夢中にさせる","a fascinating voice\r\n魅力的な声"
"devote","〜をささげる","He devoted himself to his work.\r\n彼は仕事に身をささげた。"
"import","〜を輸入する","cars imported from America\r\nアメリカから輸入された車"
"remark","（〜と）述べる","remark that he is kind\r\n彼は親切だと述べる"
"reserve","〜を予約する,\r\n〜を取っておく\r\n(=set aside)","reserve a room at a hotel\r\nホテルの部屋を予約する"
"amaze","〜を驚嘆させる","amazing speed\r\n驚異的な速さ"
"frighten","〈人〉をおびえさせる","be frightened of death\r\n死を恐れる"
"release","〜を解放する\r\n〜を発表する","release him from work\r\n仕事から彼を解放する"
"rent","〈家・車など〉\r\nを賃借りする","rent an apartment\r\nアパートを借りる"
"recover","(recover from A)\r\nA（病気など）から\r\n回復する","recover from illness\r\n病気から回復する"
"suspect","〜ではないかと思う\r\n(=suppose)\r\n〈人・もの〉を疑う","suspect him of being a spy\r\n彼をスパイではないかと疑う"
"deliver","〜を配達する，渡す\r\n〈講義など〉をする","deliver a message to a friend\r\n友達に伝言を渡す"
"identify","〜の正体をつきとめる,\r\n(identify with A)\r\nAと共感する","identify the body\r\n死体の身元を確認する"
"locate","（be located in\r\n［on,at］A)\r\n（Aに）位置する","The office is located in the area.\r\nオフィスはその地域にある"
"manufacture","〜を製造する","a car manufacturing company\r\n車を製造する会社"
"occupy","〈場所・地位など〉\r\nを占める","occupy a good position\r\nよい地位を占める"
"own","〜を所有している","own five cars\r\n5台の車を所有している"
"expose","（expose A to B)\r\nAをBにさらす","expose the skin to sunlight\r\n日光に肌をさらす"
"conclude","〜と結論づける","conclude that he was killed\r\n彼は殺されたという結論を下す"
"cure","〜を治療する","cure him of his cold\r\n彼のカゼを治す"
"perceive","〜を知覚する","perceive danger\r\n危険に気づく"
"ban","（公式に）\r\n〜を禁止する","freeze to death\r\n凍えて死ぬ"
"alarm","〜をぎょっとさせる,\r\nおびえさせる(=scare)","The noise alarms the dog.\r\nその音が犬をおびえさせる。"
"derive","由来する\r\n","This word derives from Latin.\r\nこの語はラテン語に由来する。"
"neglect","〜を無視する，怠る\r\n〈子供など〉の\r\n世話をしない","neglect human rights\r\n人権を無視する"
"adjust","〈環境に〉慣れる\r\n（=adapt),\r\n調節して合わせる","adjust to a new school\r\n新しい学校に慣れる"
"shift","〜を変える","shift gears\r\nギアを変える"
"embarrass","〜を困惑させる,\r\n〜に恥ずかしい\r\n思いをさせる","be embarrassed about the mistake\r\nその間違いが恥ずかしい"
"approve","〜を承認する","approve of their marriage\r\n二人の結婚を承認する"
"commit","〈罪など〉を犯す","commit a serious error\r\n重大な誤りを犯す"
"stretch","〜を広げる","stretch my legs\r\n足を広げる"
"participate","(participate in A)\r\nAに参加する","participate in the meeting\r\nその会議に参加する"
"impose","(impose A on B)\r\nAをBに課す,\r\n押しつける","impose rules on students\r\n学生に規則を押しつける"
"owe","(owe A to B)\r\nAことはBのおかげだ","I owe my success to you.\r\n私の成功は、あなたのおかげだ。"
"celebrate","〈特定の日・できごと〉\r\nを祝う","celebrate his birthday\r\n彼の誕生日を祝う"
"emerge","〈隠れていたものが〉\r\n現れる(=appear)","A new problem has emerged.\r\n新たな問題が出現した"
"urge","〜に強く迫る,\r\n〜を説得する","urge him to stop smoking\r\n禁煙するよう彼を説得する"
"seat","(be seated)\r\n座っている","be seated on the bench\r\nベンチで座っている"
"injure","〜を傷つける","be injured in the accident\r\nその事故で負傷する"
"imply","〜を（暗に）\r\n意味する","What does her smile imply?\r\n彼女の微笑は何を意味するのか。"
"explain","〜を説明する","`explain` the answer to students\r\n学生に答を説明する"
"accept","〜を受け入れる","accept the truth as it is\r\nありのまま事実を受け入れる"
"produce","〜を生産する\r\n〜を作る","produce a new car model\r\n新型車を生産する"
"exist","存在する","Does God really exist?\r\n神は本当に存在するのか。"
"occur","起こる(=happen)","This problem often occurs.\r\nこの問題はしばしば起こる"
"express","〜を表現する\r\n［名］急行","express my true feelings\r\n本当の気持ちを表現する"
"add","(add A to B)\r\nBにAを加える\r\n〈言葉を〉付け加える","add some milk to the soup\r\nスープにミルクを加える"
"avoid","〜を避ける","avoid meeting people\r\n人に会うのを避ける"
"marry","〜と結婚する","marry Mary\r\nメアリと結婚する"
"protect","(protect A from B)\r\nBからAを守る","protect children from danger\r\n危険から子供たちを守る"
"affect","〜に影響する\r\n(=influence)","Alcohol affects the brain.\r\nアルコールは脳に影響する。"
"determine","〜を決定する\r\n決心する\r\n(=decide)","determine your future\r\n君の未来を決定する"
"solve","〜を解決する","solve the problem\r\n問題を解決する"
"contain","〜を含んでいる\r\n〈SにO〉が入っている","This book contains 2000 words.\r\nこの本には2000の単語が入っている."
"discuss","〜を議論する\r\n(=talk about)","discuss the problem with him\r\n彼とその問題を議論する"
"ignore","〜を無視する","ignore the doctor""s advice\r\n医者の忠告を無視する"
"guess","〜を推測する\r\n〜と考える\r\n(=suppose)","guess how old she is\r\n彼女の年を推測する"
"exchange","(exchange A for B)\r\nAをBに交換する","exchange yen for dollars\r\n円をドルに交換する"
"satisfy","〜を満たす\r\n〜を満足させる","satisfy the needs of students\r\n学生の要求を満たす"
"complain","(complain about A)\r\nAのことで苦情を言う","complain about the noise\r\n騒音のことで苦情を言う"
"achieve","〜を達成する","finally achieve the goal\r\nついに目標を達成する"
"enable","（A enable B to do)\r\nAのおかげで\r\nBは〜できる","Cars enable us to move freely.\r\n車は自由な移動を可能にする"
"intend","(intend to V)\r\n〜するつもりだ\r\n〜を意図する","intend to live in America\r\nアメリカに住むつもりだ"
"obtain","〜を得る","obtain information about him\r\n彼に関する情報を得る"
"divide","(divide A into B)\r\nAをBに分類する","divide the cake into six pieces\r\nケーキを6個に分割する"
"distinguish","(distinguish A from B)\r\nAとBを区別する\r\n(=distinguish between\r\nA and B)","distinguish a lie from the truth\r\nうそと真実を見分ける"
"differ","(differ from A)\r\nAと異なる","My opinion differs from hers.\r\n私の考えは彼女と異なる"
"educate","〜を教育する","how to educate children\r\n子供を教育する方法"
"borrow","(borrow A from B)\r\nBからAを借りる","borrow a book from a friend\r\n友だちから本を借りる"
"invent","〜を発明する\r\n〜を作り出す\r\n(=make up)","invent a time machine\r\nタイムマシーンを発明する"
"promote","〜を促進する","promote economic growth\r\n経済成長を促進する"
"advise","(advise A to V)\r\nAに〜するように忠告する\r\n〜に助言する","advise him to stop drinking\r\n酒をやめるよう彼に忠告する"
"arise","(A arise from B)\r\nBからAが生じる","Problems arise from carelessness.\r\n不注意から問題が生じる"
"permit","(permit A to V)\r\nAに〜することを許す\r\n(=allow A to V)","permit him to go out\r\n彼に外出することを許す"
"recommend","(recommend A to B)\r\nAをBに勧める","recommend this book to you\r\nあなたにこの本を推薦する"
"define","(define A as B)\r\nAをBと定義する","define a day as twenty-four hours\r\n1日を24時間と定義する"
"inform","(inform A of\r\n［about］B)\r\nAにBを知らせる","inform him of his son""s success\r\n息子の成功を彼に知らせる"
"oppose","〜に反対する","oppose their marriage\r\n彼らの結婚に反対する"
"trust","〜を信用する","trust an old friend\r\n古い友達を信用する"
"select","〜を選ぶ","select the best answer\r\n最良の答を選ぶ"
"praise","(praise A for B)\r\nBのことでAをほめる\r\n［名］ほめること，賞賛","praise him for his work\r\n仕事のことで彼をほめる"
"handle","〜に対処する\r\n〜にさわる\r\n［名］取っ手","how to handle problems\r\nどう問題に対処すべきか"
"propose","〜を提案する","propose a new way\r\n新しいやり方を提案する"
"breathe","〜を呼吸する","breathe fresh air\r\n新鮮な空気を呼吸する"
"criticize","(criticize A for B)\r\nBのことでAを非難する\r\n〜を批判する","criticize him for being late\r\n遅刻したことで彼を非難する"
"overcome","〜に打ち勝つ\r\n〜を克服する","overcome the fear of death\r\n死の恐怖に打ち勝つ"
"possess","〜を持っている\r\n(=have，own)","possess great power\r\n大きな力を持っている"
"predict","〜を予言する\r\n〜を予測する","predict the future\r\n未来を予言する"
"publish","〜を出版する\r\n〜を発表する","publish a book\r\n本を出版する"
"purchase","〜を買う\r\n(=buy)","purchase a new car\r\n新しい車を買う"
"recall","〜を思い出す\r\n(=remember)","recall the good old days\r\n古き良き時代を思い出す"
"explore","〜を探検する\r\n〜を探求する","explore the Amazon River\r\nアマゾン川をを探検する"
"stare","(stare at A)\r\nAをじっと見る","stop and stare at her\r\n立ち止まって彼女をじっと見る"
"absorb","〜を吸収する","absorb a lot of water\r\n大量の水を吸収する"
"resemble","〜に似ている","He resembles his father.\r\n彼は父親に似ている。"
"tear","〜を引き裂く","tear the letter to pieces\r\nずたずたに手紙を引き裂く"
"consume","〜を消費する","consume a lot of energy\r\n多量のエネルギーを消費する"
"compete","(compete with A for B)\r\nBを求めてAと競争する\r\n匹敵する","compete with him for a gold medal\r\n金メダルをめざして彼と競争する"
"quit","〜をやめる\r\n(=give up，stop)","quit school\r\n学校をやめる(=stop)"
"announce","〜を発表する\r\n〜を知らせる","announce a new plan\r\n新しい計画を発表する"
"react","(react to A)\r\nAに反応する\r\n反発する","react quickly to light\r\n光に素早く反応する"
"wander","歩き回る\r\nぶらつく","wander around the streets\r\n街を歩き回る"
"emphasize","〜を強調する","emphasize the difference\r\n違いを強調する"
"generate","〜を生み出す","convey a message on the Internet\r\nインターネットでメッセージを伝える"
"result","結果","the result of the test\r\nテストの結果"
"experience","経験,体験","the near-death experience\r\n臨死体験"
"society","社会","the problems of modern society\r\n現代社会の問題"
"trouble","悩み,苦労","have trouble finding a job\r\n仕事を見つけるのに苦労する"
"value","価値","put a high value on education\r\n教育に高い価値をおく"
"effect","効果，影響(=influence)\r\n結果(=result)","the greenhouse effect of CO2\r\nCO2の温室効果"
"individual","個人","individuals in society\r\n社会の中の個人"
"influence","影響（力）","have a bad influence on children.\r\n子供に悪い影響を与える"
"context","文脈\r\n(文化・社会的な)状況","the meaning in this context\r\nこの文脈における意味"
"rate","割合，速度\r\n［動］〜を評価する","at the rate of 40% a year\r\n年40%の割合で"
"sign","印，兆候\r\n","a sign of spring\r\n春のきざし"
"service","公共事業\r\n業務","water and gas service\r\n水道とガスの公共事業"
"advance","前進，進歩","advances in science\r\n科学の進歩"
"officer"," 役人","a police officer\r\n警察官"
"material","物質","produce new materials\r\n新しい物質を作る"
"industry","工業","a center of heavy industry\r\n重工業の中心地"
"attempt"," 試み","an attempt to break the record\r\n記録を破ろうとする試み"
"trade","貿易","US trade with France\r\n合衆国のフランスとの貿易"
"progress","進歩，前進","make progress toward peace\r\n平和に向けて前進する"
"excuse","言い訳","make an excuse to leave early\r\n早く帰るための言い訳をする"
"custom","（社会的な）習慣\r\n(customs)税関","the custom of tipping\r\nチップを払う習慣"
"passage","一節\r\n（時の）経過\r\n通行","Read the following passage.\r\n次の一節を読みなさい"
"economy","経済","the market economy\r\n市場経済"
"range","範囲","a wide range of information\r\n広範囲の情報"
"traffic","交通（量）","a traffic accident\r\n交通事故"
"official","役人","a government official\r\n政府の役人"
"sight","見ること\r\n光景\r\n視力","love at first sight\r\n一目ぼれ"
"taste","味\r\n好み","a taste of lemon\r\nレモンの味"
"immigrant","（外国からの）移民","immigrants from Mexico\r\nメキシコからの移民"
"neighbor","近所の人","Love your neighbor as yourself.\r\n自分を愛するように隣人を愛せ"
"patient","患者\r\n[形]忍耐強い","a doctor and a patient\r\n医者と患者"
"project","計画","a business project\r\n事業計画"
"favor","好意","Would you do me a favor?\r\n頼みをきいてもらえませんか"
"appearance","外見，様子\r\n出現","differ in appearance\r\n外見が違う"
"risk","危険","run the risk of death\r\n死の危険をおかす"
"benefit","利益","costs and benefits of the business\r\n仕事のコストと利益"
"feature","特徴","features of human language\r\n人類の言語の特徴"
"relative","親族，親せき\r\n[形]相対的な","their relatives and friends\r\n彼らの親せきと友達"
"region","地域","a mountain region\r\n山岳地方"
"characteristic","特徴","unique characteristics\r\nユニークな特徴"
"pain","苦痛","feel a sharp pain\r\n鋭い痛みを感じる"
"kid","子供\r\n[動]〜をからかう","a family with two kids\r\n二人の子供がいる一家"
"occasion","場合","on special occasions\r\n特別な場合に"
"principle","原理，原則","the principle of free trade\r\n自由貿易の原則"
"department","（組織の）部門\r\n（大学などの）学科","the history department\r\n歴史学科"
"duty","義務\r\n関税","It is my duty to help you.\r\n君を助けるのが私の義務だ"
"scene","場面，現場","the scene of the accident\r\n事故の現場"
"basis","基礎，根拠\r\n方式，やり方\r\n(=way,manner)","a scientific basis of his theory\r\n彼の理論の科学的根拠"
"spirit","精神","the spirit of fair play\r\nフェアプレイの精神"
"medium","手段","the medium of communication\r\nコミュニケーションの手段"
"mass","(the masses)一般大衆\r\n(a mass of A)多くのA","mass production\r\n大量生産"
"audience","（集合的に）聴衆，観客","gather a large audience\r\n大勢の観客を集める"
"element","要素(=factor)\r\n元素","the most important element\r\n最も重要な要素"
"climate","気候","a warm climate\r\n温暖な気候"
"revolution","革命","the French revolution\r\nフランス革命"
"quarter","4分の1","the first quarter of this century\r\n今世紀の最初の4分の1"
"conflict","（意見・利害の）対立","a conflict between two countries\r\n二国間の対立"
"flood","洪水","a flood of cars\r\n車の洪水"
"atmosphere","大気\r\n雰囲気","CO2 in the atmosphere\r\n大気中の二酸化炭素"
"property","財産","private property\r\n私有財産"
"reward","報酬","a reward for hard work\r\n努力の報酬"
"security"," 安全","national security\r\n国家の安全保障"
"delight","大喜び","give a cry of delight\r\n喜びの声をあげる"
"desert","砂漠\r\n［動］〜を放棄する,\r\n見捨てる","desert a friend in the desert\r\n砂漠で友人を見捨てる"
"background","背景\r\n生い立ち，経歴","people from different backgrounds\r\n経歴の違う人々"
"trend","傾向","a trend toward fewer children\r\n少子化の傾向"
"grade","（小中高通じての）学年\r\n（grades）成績","I am in the seventh grade.\r\n私は7年生(=中1)です。"
"impact","影響\r\n衝撃","the impact of TV on children\r\n子供に対するテレビの影響"
"institution","機関\r\n制度","government institutions\r\n政府の諸機関"
"interaction","〈人と人の〉交流","interaction between teachers and students\r\n先生と生徒の交流"
"alternative","代わりのもの","an alternative to sugar\r\n砂糖の代わりになるもの"
"harm","害","do no harm to children\r\n子供に害をあたえない"
"agency","（政治的）機関\r\n代理店","go to a travel agency\r\n旅行代理店に行く"
"capacity","能力(+to V，for)","man""s great capacity to learn\r\nすばらしい人間の学習能力"
"minister","大臣","the Italian foreign minister\r\nイタリアの外務大臣"
"volunteer","ボランティア","a hospital volunteer\r\n病院で働くボランティア"
"access","利用する権利","have access to the Internet\r\nインターネットを利用できる"
"quantity","量","large quantities of data\r\nぼう大な量のデータ"
"branch","枝\r\n支店，支局\r\n（学問の）部門，分野","a branch of science\r\n科学の一分野"
"laughter","笑い","spontaneous laughter\r\n自然に起こる笑い"
"transport","交通機関，輸送","air transport\r\n航空輸送"
"vote","投票","get 20% of the vote\r\n20%の票を得る"
"resident","住民","residents of New York\r\nニューヨークの住民"
"square","正方形\r\n（面積の単位）平方","20 square miles\r\n20平方マイル"
"situation","状況\r\n事態，立場","in a hopeless situation\r\n希望のない状況で"
"government","政府\r\n政治","the Japanese government\r\n日本政府"
"knowledge","知識","have little knowledge of English\r\n英語の知識がほとんどない"
"nation","国\r\n国家；国民","the Asian nations\r\nアジアの諸国"
"effort","努力","make every effort to help him\r\n彼を助けようと努力する"
"period","時代\r\n期間","the cold war period\r\n冷戦時代"
"population","人口\r\n住民，\r\n(動物の)個体数","population growth\r\n人口の増加"
"purpose","目的(=object)","for peaceful purposes\r\n平和的な目的で"
"behavior","行動","study animal behavior\r\n動物の行動を研究する"
"lack","不足\r\n[動］〜を欠いている","lack of food\r\n食糧不足"
"skill","技術","learn basic skills\r\n基本的な技術を学ぶ"
"quality","質\r\n性質\r\n［形］良質の","the sound quality of the CD\r\nCDの音質"
"environment","環境","the natural environment\r\n自然環境"
"role","役割(=part)","play an important role\r\n重要な役割を果たす"
"attitude","態度\r\n考え方，姿勢","a friendly attitude toward Japanese\r\n日本人に対する友好的な態度"
"author","筆者，著者(=writer)","the author of the best seller\r\nベストセラーの著者"
"research","研究，調査\r\n［動］(〜を)研究\r\n［調査］する","scientific research\r\n科学的な研究"
"opportunity","機会","an opportunity to talk to her\r\n彼女と話す機会"
"source","源\r\n出所","a source of information\r\n情報源"
"disease","病","heart disease\r\n心臓病"
"shape","形\r\n［動］〜を形作る","the shape of her nose\r\n彼女の鼻の形"
"advantage","利点\r\n有利","the advantage of being tall\r\n背が高いという利点"
"method"," 方法","a method of teaching English\r\n英語を教える方法"
"habit","習慣\r\nくせ","form the habit of getting up early\r\n早起きの習慣がつく"
"detail","細部\r\n詳細","remember details of the story\r\n話を細部まで覚えている"
"distance","距離","make a long-distance call\r\n長距離電話をかける"
"crowd","群衆\r\n［動］群がる","gather a large crowd\r\n大群衆を集める"
"clothes","服\r\n衣類(複数あつかい)\r\n(=clothing)","Change your clothes.\r\n服を着替えなさい"
"instance","例(=example)","the best known instance\r\n最もよく知られた例"
"desire","願望\r\n欲望\r\n［動］〜を望む","a strong desire to be a singer\r\n歌手になりたいという強い願望"
"standard","水準\r\n基準，標準\r\n［形］標準の","the standard of living\r\n生活水準"
"technology","科学技術","high technology\r\n高度な科学技術(ハイテク)"
"generation","世代","the leader of the next generation\r\n次世代の指導者"
"responsibility","責任","take responsibility for the accident\r\n事故の責任をとる"
"task","仕事","a difficult task\r\n難しい仕事"
"experiment","実験\r\n［動］実験する","experiments with animals\r\n動物を用いる実験"
"evidence"," 証拠","evidence of life on Mars\r\n火星に生物がいるという証拠"
"decade","10年","only a decade ago\r\nほんの10年前に"
"loss","損失","a loss of $5,000\r\n5,000ドルの損失"
"aspect","側面","unique aspects of Japanese culture\r\n日本文化のユニークな側面"
"theory","理論","the theory of relativity\r\n相対性理論"
"statement","記述\r\n言葉；声明","read the following statement\r\n次の記述を読む"
"professor","教授","a professor at Boston University\r\nボストン大学の教授"
"function","機能\r\n役割\r\n［動］機能する，働く","the basic functions of a computer\r\nコンピュータの基本的機能"
"surface","表面\r\n［形］表面の，\r\nうわべの","the surface of the earth\r\n地球の表面"
"factor","要因\r\n要素","the main factors in his success\r\n彼の成功の主な要因"
"organization","組織\r\n機関，団体","an international organization\r\n国際的な組織"
"policy","政策\r\n方針","Japan""s foreign policy\r\n日本の外交政策"
"resource","資源\r\n財源；手段","natural resources\r\n天然資源"
"contrast","対比\r\n差異\r\n［動］対照をなす","the contrast between light and shadow\r\n光と影の対比"
"brain","脳\r\n知能","brain death\r\n脳死"
"customer","客","attract customers to the store\r\n店に客を引きつける"
"goods","商品\r\n品物(=merchandise，\r\ncommodity)","buying and selling goods\r\n商品の売り買い"
"creature","動物(=animal)","a creature from space\r\n宇宙から来た生き物"
"structure","構造","changes in social structure\r\n社会構造の変化"
"tradition","伝統\r\n慣習；言い伝え","history and tradition\r\n歴史と伝統"
"weight","体重\r\n重さ","lose weight\r\n体重を減らす"
"labor","労働\r\n骨折り，努力","do hard labor\r\n重労働を行う"
"citizen","市民\r\n国民","the average U.S. citizen\r\n平均的アメリカ市民"
"impression","印象","make a deep impression on me\r\n私に深い印象を与える"
"species","種","many species of birds\r\n多くの種の鳥"
"career","経歴\r\n(専門的な)職業","a long career as an actress\r\n女優としての長い経歴"
"concept","概念","the concept of time\r\n時間の概念"
"passenger","乗客","train passengers\r\n列車の乗客"
"crime","犯罪","commit a crime\r\n罪を犯す"
"income","所得\r\n収入","low-income families\r\n低所得の家族"
"temperature","気温\r\n温度，体温","the average temperature in Paris\r\nパリの平均気温"
"majority","大多数","the majority of students\r\n大多数の学生"
"origin","起源\r\n生まれ，出身","the origin of language\r\n言語の起源"
"literature","文学","study English literature\r\n英文学を研究する"
"equipment","設備\r\n用具，機器","a plane with high-tech equipment\r\nハイテク装備の飛行機"
"stranger","見知らぬ人\r\n(場所に)不案内な人","talk to a stranger\r\n見知らぬ人に話しかける"
"strength","強さ","strength and weakness\r\n強さと弱さ"
"planet","惑星","the planet Earth\r\n地球という惑星"
"circumstances","状況\r\n周囲の事情","Circumstances have changed.\r\n状況が変わった"
"religion","宗教","science and religion\r\n科学と宗教"
"pollution","汚染","environmental pollution\r\n環境汚染"
"wealth"," 富\r\n財産(=riches)","wealth and power\r\n富と権力"
"civilization","文明","Western civilization\r\n西洋文明"
"profit","もうけ\r\n利益","make a $2 million profit\r\n200万ドルのもうけを得る"
"technique","技術","the technique of film-making\r\n映画作りの技術"
"emotion","感情","express emotions\r\n感情を表現する"
"phenomenon","現象","a natural phenomenon\r\n自然現象"
"cancer","ガン","die of skin cancer\r\n皮膚ガンで死ぬ"
"bottom","底","the bottom of the sea\r\n海の底"
"billion","十億","6 billion people\r\n六十億の人々"
"status","地位\r\n身分","the social status of women\r\n女性の社会的地位"
"youth","若者\r\n青年期；若さ","modern youth\r\n現代の若者"
"confidence"," 自信\r\n信頼","have confidence in my ability\r\n自分の能力に自信がある"
"edge","周辺\r\n縁；(町などの)はずれ","the edge of the Pacific Ocean\r\n太平洋の周辺"
"household","家庭","household goods\r\n家庭用品"
"scholar","学者","a great scholar\r\n偉大な学者"
"survey","調査\r\n［動］〜を調査する","according to a new survey\r\n新しい調査によると"
"vocabulary","語彙","a vocabulary of 5,000 words\r\n5000語の語彙"
"enemy","敵","a natural enemy\r\n天敵"
"construction","建設","a bridge under construction\r\n建設中の橋"
"lecture","講義\r\n［動］(〜に)\r\n講義をする","the lecture on history\r\n歴史に関する講義"
"instruction","指示\r\n教育","follow his instructions\r\n彼の指示に従う"
"crisis","危機","get over the economic crisis\r\n経済危機を乗り越える"
"instrument","器具\r\n道具，楽器","a medical instrument\r\n医療器具"
"crop","作物\r\n収穫","grow various crops\r\nさまざまな作物を育てる"
"weapon","兵器\r\n武器","a laser weapon\r\nレーザー兵器"
"device","装置\r\n手段，工夫","an electronic device\r\n電子装置"
"path","道\r\n進路；軌道","the path to victory\r\n勝利への道"
"earthquake","地震","an earthquake of magnitude 8\r\nマグニチュード8の地震"
"stream","小川\r\n流れ\r\n［動］流れる","a clear mountain stream\r\nきれいな山の小川"
"notion","概念\r\n考え(=idea)","the notion of freedom\r\n自由の概念"
"substance","物質","a dangerous substance\r\n危険な物質"
"victim","犠牲者\r\n被害者；いけにえ","victims of the war\r\n戦争の犠牲者"
"fuel","燃料","fill the fuel tank\r\n燃料タンクを満たす"
"ancestor","祖先","the ancestors of modern humans\r\n今の人類の祖先"
"soil","土壌\r\n土，土地","the rich soil of the Nile River\r\nナイル川の豊かな土壌"
"debate","討論\r\n［動］(〜を)\r\n討論する","a debate on education\r\n教育についての討論"
"violence","暴力\r\n激しさ","violence on TV\r\nテレビの暴力"
"colleague","同僚","my friends and colleagues\r\n私の友人と同僚"
"philosophy","哲学\r\n人生観","his philosophy of life\r\n彼の人生哲学"
"analysis","分析","analysis of DNA\r\nDNAの分析"
"universe","宇宙\r\n世界","stars in the universe\r\n宇宙の星"
"electricity","電気","a machine run by electricity\r\n電気で動く機械"
"insect","昆虫","social insects like ants\r\nアリのような社会性昆虫"
"disaster","災害\r\n惨事，災難","a terrible natural disaster\r\n恐ろしい自然災害"
"storm","嵐","a heavy storm\r\n激しい嵐"
"plenty","(plenty of A)十分なA\r\n［肯定文で］たくさん,\r\n多数，多量","have plenty of time\r\n十分な時間がある"
"agriculture","農業","the campaign to plant one million trees\r\n100万本の樹を植える運動"
"gene","遺伝子","the gene for eye color\r\n目の色を決める遺伝子"
"advertising","広告\r\n宣伝活動","tobacco advertising\r\nたばこの広告"
"carbon","炭素","carbon dioxicide\r\n二酸化炭素"
"infant","幼児","the mother-infant relationship\r\n母親と幼児の関係"
"evolution","進化","human evolution\r\n人類の進化"
"cell","細胞\r\n電池","destroy cancer cells\r\nガン細胞を破壊する"
"aid","援助\r\n(=help,support)\r\n［動］〜を援助する","world affairs\r\n世界情勢"
"consequence","結果(=result)","a necessary consequence\r\n必然的結果(=result)"
"talent","才能\r\n才能のある人","have musical talent\r\n音楽の才能がある"
"common","共通の\r\n普通の","a common language\r\n共通の言語"
"public","公の","No Smoking in Public Places.\r\n公共の場では禁煙"
"likely","ありそうな,\r\n〜する可能性が高い","He is likely to win.\r\n彼が勝つ可能性が高い"
"serious","深刻な","serious social problems\r\n深刻な社会問題"
"particular","ある特定の；特有の","a particular character\r\n特有の性質"
"available","手に入る，利用できる","information available to everyone\r\nみんなに利用できる情報"
"local","その土地の","a local television station\r\n地方のテレビ局"
"ready","用意ができた\r\n(be ready to V）進んでVする\r\n(=be willing to V)","I am ready to start.\r\n私は出発の用意ができている"
"correct","正しい","the correct answer\r\n正しい答え"
"familiar","よく知られた\r\n（人が）熟知している，\r\nくわしい","be familiar with Japanese culture\r\n日本の文化にくわしい"
"physical","身体の，肉体の\r\n物理的な","physical beauty\r\n肉体美"
"worth","(be worth A)\r\nAの価値がある","The book is worth reading.\r\nその本は読む価値がある"
"involved","(be involved in A)\r\nAに関係している,\r\n参加している","be involved in the problem\r\nその問題にかかわっている"
"equal"," 平等な","All men are created equal.\r\n全ての人は平等に作られている。"
"private","個人の，私的な","her private life\r\n彼女の私生活"
"obvious","明白な","an obvious mistake\r\n明白な間違い"
"native","母国の","a native language\r\n母国語"
"complex","複雑な","a complex society\r\n複雑な社会"
"willing","(be willing to V)\r\n進んで［喜んで］Vする","I am willing to help her.\r\n喜んで彼女を助けるつもりだ"
"current","最新の","the current international situation\r\n今日の国際状況"
"male","男の","male workers\r\n男性の労働者"
"proper","適切な","the proper use of words\r\n言葉の適切な使い方"
"capable","〜する能力がある","He is capable of doing the job.\r\n彼はその仕事をする能力がある"
"independent","独立した","He is independent of his parents.\r\n彼は親から独立している。"
"positive","積極的な","positive thinking\r\n積極的な考え方"
"pleasant","〈人にとって〉楽しい","a pleasant experience\r\n楽しい経験"
"significant","重要な","a significant difference\r\n重要な違い"
"former","前の","the former President\r\n前大統領"
"chemical","化学的な","a chemical change\r\n化学変化"
"upset","〈人が〉動揺している","be upset by the accident\r\n事故で動揺している"
"previous","（時間・順序で）前の","from the previous year\r\n前の年から"
"global","世界的な","global warming\r\n地球の温暖化"
"specific","特定の","a specific individual\r\n特定の個人"
"conscious","意識している","health-conscious Americans\r\n健康を意識するアメリカの人々"
"superior","よりすぐれている","be superior to others\r\n他の人よりすぐれている"
"efficient","効率がいい","an efficient use of energy\r\n効率のよいエネルギーの使い方"
"fundamental","基本的な","the fundamental human rights\r\n基本的人権"
"narrow","狭い","a narrow street\r\n狭い道"
"reasonable","理にかなった\r\n（値段が）手ごろな","a reasonable explanation\r\n理にかなった説明"
"nervous","神経質な，不安な","feel nervous about the future\r\n将来のことで不安になる"
"alike","似ている","The brothers look alike.\r\nその兄弟は似ている"
"domestic","家庭の\r\n国内の","America""s domestic problems\r\nアメリカの国内問題"
"negative","否定の","a negative answer\r\n否定的な答"
"moral","道徳的な","make a moral judgement\r\n道徳的な判断をする"
"eager","熱心な","be eager to study in the U.S.\r\nアメリカ留学を熱望する"
"remarkable","すばらしい","accomplish a remarkable feat\r\n素晴しい偉業をなしとげる"
"evil","（道徳的に）悪い","drive away evil spirits\r\n悪い霊を追い払う"
"awake","目を覚まして","stay awake all night\r\n夜通し目が覚めている"
"aged","年老いた","his aged parents\r\n彼の年老いた父母"
"anxious","（未知のことを）\r\n心配して\r\n切望して","I am anxious about your health.\r\n君の健康が心配だ"
"thin","薄い","walk on thin ice\r\n薄い氷の上を歩く"
"nuclear","核の，原子力の","nuclear energy\r\n原子力エネルギー"
"legal"," 合法の，法律の","the British legal system\r\nイギリスの法律の制度"
"curious","好奇心が強い","be curious about everything\r\n何にでも好奇心を持つ"
"calm","冷静な","Always keep calm.\r\nつねに冷静でいなさい"
"tough","たくましい\r\n骨の折れる","a tough boxer\r\nたくましいボクサー"
"civil","一般市民の","civil rights\r\n公民権"
"actually","実は","He looks happy, but actually he is sad.\r\n彼はうれしそうだが実は悲しいのだ"
"nearly","ほとんど","nearly 30 years ago\r\n30年近く前に"
"therefore","それゆえに","The car is small and therefore cheap.\r\nその車は小さい。それゆえ、安い"
"exactly"," 正確に","at exactly the same time\r\nぴったり同時に"
"possibly","ひょっとすると\r\n(cannot possibly V)\r\nどうしてもVできない","He may possibly come.\r\nひょっとすると彼は来るかもしれない"
"contrary","反対に","contrary to expectations\r\n予想に反して"
"occasionally","時々","I occasionally go to the theater.\r\n私はたまに芝居を見に行く"
"somehow","どういうわけか，\r\nなぜか","Somehow I feet lonely.\r\nなぜかさびしい"
"seldom","めったに…ない\r\n(=hardly ever)","I seldom see him.\r\n彼に会うことはめったにない"
"thus","それゆえ\r\nそのように","This is smaller and thus cheaper.\r\nこのほうが小さく、したがっで安い"
"whereas","〜だか一方","The British say 'lift', whereas American say 'elevator.'\r\nイギリス人は「リフト」と言うが、アメリカ人は「エレベーター」という"
"besides","〜に加えて","Besides being rich, he is kind.\r\n彼は金持ちの上に優しい"
"general","一般的な\r\n全体的な","a general opinion\r\n一般的な意見"
"various","さまざまな\r\n(=varied)","various kinds of flowers\r\nさまざまな種類の花"
"similar","(be similar to A)\r\nAに似ている","be similar to each other\r\nお互いに似ている"
"complete","完全な\r\n［動］〜を完成する","a complete failure\r\n完全な失敗"
"recent","最近の","recent news\r\n最近のニュース"
"expensive","高価な\r\n金のかかる\r\n(=costly)","very expensive wine\r\n非常に高価なワイン"
"political","政治的な","a political leader\r\n政治的な指導者"
"aware","(be aware of A)\r\nAに気づいている，\r\n意識している(=conscious)","be aware of the danger\r\n危険に気づいている"
"ancient","古代の","ancient Greece and Rome\r\n古代のギリシャとローマ"
"medical","医学の\r\n医療の","a medical study\r\n医学の研究"
"essential","不可欠な\r\n本質的な","Water is essential to life.\r\n水は生命に不可欠だ。"
"huge","巨大な\r\n莫大な","a huge city\r\n巨大な都市"
"terrible","ひどい\r\n恐ろしい","a terrible accident\r\nひどい事故"
"practical","実用的な\r\n現実的な","practical English\r\n実用的な英語"
"entire","全体の\r\n完全な(=whole)","the entire world\r\n全世界"
"favorite","いちばん好きな\r\n［名］お気に入りの物\r\n［人］","her favorite film\r\n彼女がいちばん好きな映画"
"comfortable","快適な\r\nくつろいだ(+with)","enjoy a comfortable life\r\n快適な生活を楽しむ"
"active","積極的な\r\n活動的な","lead an active life\r\n活動的な生活をする"
"typical","典型的な","a typical American family\r\n典型的なアメリカの家族"
"ideal","理想的な\r\n［名］理想","an ideal body shape\r\n理想的な体型"
"vast","広大な\r\nばく大な\r\n(=large)","the vast land of Russia\r\nロシアの広大な土地"
"appropriate","適切な\r\n(=suitable)","the most appropriate title\r\n最も適切な題名"
"empty","からの\r\n［動］〜をからにする","an empty bottle\r\nからっぽのビン"
"rapid","急速な","rapid economic growth\r\n急速な経済成長"
"mental","精神の\r\n知能の","a mental illness\r\n精神の病"
"excellent","すばらしい\r\n優秀な","an excellent idea\r\nすばらしいアイデア"
"convenient","つごうがいい\r\n便利な","a convenient place to park\r\n駐車するのに便利な場所"
"potential","潜在的な\r\n可能性のある","potential danger\r\n潜在的な危険"
"financial","財政的な","financial support from the U.S.\r\nアメリカからの財政的援助"
"enormous","ばく大な","an enormous amount of damage\r\n莫大な額の損害"
"rare","珍しい","a rare stamp\r\n珍しい切手"
"complicated","複雑な\r\n(=complex)","a complicated puzzle\r\n複雑なパズル"
"tiny","ちっちゃな\r\nごく小さい","a tiny kitten\r\nちっちゃな子猫"
"considerable","かなりの","a considerable distance\r\nかなりの距離"
"sensitive","敏感な","Her skin is sensitive to sunlight.\r\n彼女の肌は日光に敏感だ"
"intellectual","知的な\r\n［名］知識人","high intellectual ability\r\n高度な知的能力"
"broad","広い\r\n(=wide)","in a broad sense\r\nはば広い意味では"
"polite","礼儀正しい","be polite to ladies\r\n女性に対して礼儀正しい"
"accurate","正確な","accurate information\r\n正確な情報"
"sharp","急激な\r\n鋭い","a sharp rise in prices\r\n物価の急激な上昇"
"rude","失礼な\r\n無作法な\r\n(=impolite)","rude behavior\r\n失礼な振る舞い"
"sufficient","十分な\r\n(=enough)","pay sufficient attention\r\n十分な注意を払う"
"urban","都会の","urban life\r\n都会の暮らし"
"widespread","広まっている","widespread use of drugs\r\n広まっているドラッグの使用"
"primitive","原始的な\r\n未開の","a primitive society\r\n原始的な社会"
"permanent","永久的な","permanent teeth\r\n永久歯"
"elderly","年配の","the care of elderly people\r\n高齢者のケア"
"severe","厳しい\r\n〈痛みなどが〉ひどい","severe winter weather\r\n厳しい冬の天候"
"brief","簡潔な\r\n短い(=short)","a brief explanation\r\n簡潔な説明"
"slight","少しの\r\nわずかな","without the slightest doubt\r\n少しの疑いもなく"
"latest","最新の","the latest news from China\r\n中国からの最新のニュース"
"military","軍事的な\r\n［名］軍隊，軍部","military aid to Israel\r\nイスラエルへの軍事的援助"
"strict","厳しい","strict rules\r\n厳しい規則"
"solid","固体の\r\nがっしりした\r\n［名］固体","a solid state\r\n固体の状態"
"stupid","ばかな","say stupid things\r\n馬鹿なことをいう"
"biological","生物の\r\n生物学的な","biological weapons\r\n生物兵器"
"probably","おそらく","Probably he won""t come.\r\nおそらく彼は来ないだろう"
"hardly","ほとんど〜ない","I hardly know Bill\r\nビルのことはほとんど知らない"
"immediately","すぐに","start work immediately\r\nただちに仕事にかかる"
"eventually","ついに\r\n結局(=finally)","eventually find the answer\r\nついに答を見つける"
"frequently","しばしば\r\n(=often)","a frequently used word\r\nしばしば使われる言葉"
"extremely","非常に","an extremely difficult problem\r\n非常に難しい問題"
"gradually","だんだん","gradually become colder\r\nだんだん冷たくなる"
"merely","単に\r\n(=only；just)","It is merely bad luck.\r\n単に運が悪かっただけだ"
"nevertheless","それにもかかわらず","He is rich; nevertheless he is unhappy.\r\n彼は金持ちだが、それにもかかわらず、不幸だ"
"moreover","その上","He""s kind; moreover, he""s strong.\r\n彼は親切で、その上強い"
"relatively","比較的\r\n相対的に","relatively few people\r\n比較的少数の人々"
"apparently","一見\r\n見たところでは","an apparently simple question\r\n一見簡単な問題"
"absolutely","絶対に\r\n全く","It""s absolutely impossible\r\n絶対に不可能だ"
"largely","主に","largely because of the problem\r\n主にその問題のせいで"
"mostly","大部分は\r\nたいていは","The class is mostly Japanese.\r\nクラスの大部分は日本人だ"
"somewhat","多少","somewhat better than last year\r\n去年より多少良い"
"necessarily","必ずしも\r\n［否定文で］","not necessarily true\r\n必ずしも本当でない"
"despite","にもかかわらず","He lost despite his efforts.\r\n努力にもかかわらず彼は負けた"