"<ruby><rb>見</rb><rt>み</rt></ruby>る","思う、関係を結ぶ、面倒を見る","（娘に恋しい人ができたので）親も見ずなりにけり。〈大和一〇五段〉<br>面倒を見<br><br>はやぐみし女のこと、ほめ言ひ出でなどするも、程経たることなれど、なほにくし。〈枕・にくき物〉<br>関係を結ん<br><br>めでたしとみる人の、心劣りせらるる本性見えむこそ、口惜しかるべけれ。〈徒然・一段〉<br>思う<br>"
"<ruby><rb>見</rb><rt>み</rt></ruby>す","結婚させる","宮仕へに次ぎては、親王たちにこそは見せ奉らめ。〈源氏・若菜下〉<br>結婚させ<br><br>"
"<ruby><rb>見</rb><rt>み</rt></ruby>ゆ","見える、思われる、見せる、結婚する","いかならむ人にもみえて、身をも助け、幼き者どもをもはぐくみ給ふべし。〈平家・巻七〉<br>結婚し<br><br>さて、出でて行くと見えて、前栽の中に隠れて、〈大和・一四九段〉<br>見せ<br><br>都の中とも見えぬ所のさまなり。〈更級〉<br>見え（思われ）<br>"
"かいまみる（垣間見る）","のぞき見る","女、をとこの家にいきてかいまみけるを、〈伊勢・六三段〉<br>のぞき見<br><br>"
"よばふ（呼ばふ）","呼び続ける、求婚する","あとに呼ばふ声あり。かへりみれぱ人なし。〈宇治・巻十五・十一話〉<br>呼び続ける<br><br>よばう人もいと多かりけれど、かへりごともせざりけり。〈大和こ四二段〉<br>求婚する<br>"
"<ruby><rb>好</rb><rt>す</rt></ruby>く","風流を好む","「かかるすきはいでや」と見奉り給ふ。〈源氏・横笛〉<br>色好み<br><br>よき人は、ひとへにすける様にも見えず、〈徒然・一三七段〉<br>風流を好ん<br><br>むかし、すき者ども集まりて、歌よみけるに、〈伊勢・異十六段〉<br>風流<br><br>すきずきしき方にはあらで、まめやかに聞こゆるなり。〈源氏・若紫〉<br>好色な<br>"
"わたる（渡る）","通る、いらっしゃる、〜続ける、一面に","高倉の官の御子の宮たちのあまたわたらせ給ひ候ふなる。〈平家・巻四〉<br>いらっしやる<br><br>むかし、男、後涼殿のはさまを渡りければ、〈伊勢・一〇〇段〉<br>通っ<br><br>夕霧立ちわたりて、〈更級〉<br>一面に<br><br>（紫の上を）二条の院に渡し奉り給ひつ。〈源氏・若菜下〉<br>移し<br><br>女のえ得まじかりけるを、年を経てよぱひわたりけるを、〈伊勢・六段〉<br>続け<br>"
"ありく（歩く）","出歩く、〜しまわる、〜続ける","蛍のとびありきけるを、〈大和・四〇段〉<br>まわっ<br><br>もし歩くべきことあれば、自ら歩む。〈方丈〉<br>出歩か<br><br>後ろ見ありき給ふめる。〈源氏・東屋〉<br>続け<br>"
"おこなふ（行う）","仏道修行をする","山にこもりておこなはむ。〈宇津保・忠こそ〉<br>仏道修行をし<br><br>"
"なやむ（悩む）","病気になる","日ごろいたわるところ侍りて。〈宇津保・国譲下〉<br>病気をする<br><br>御心地だに怠らせ給ひなば、〈宇治・巻八・三話〉<br>病気（気分）<br><br>身にやむごとなく思ふ人のなやむを聞きて、〈枕・うれしき物〉<br>病気になつ<br>"
"おこたる（怠る）","病気が治る","おこたりたる由、消息聞くも、いとうれし。〈枕・うれしき物〉<br>病気が治っ<br><br>"
"おくる（後る、遅る）","先立たれる","故姫君は、十ばかりにて殿におりれ給ひしほど、〈源氏・若紫〉<br>先立たれ<br><br>"
"ながむ（眺む、詠む）","物思いに沈む、口ずさむ","暮れがたき夏の日ぐらしながむれば〈伊勢・四五段〉<br>もの思いに沈んでいる<br><br>「こぼれてにほふ花桜かな」とながめげれば、その声を院聞こしめさせたまひて、〈今昔・二七巻・二九話〉<br>口ずさん<br>"
"ときめく（時めく）","寵愛を受ける、栄える","世の中にときめき給ふ雲客、桂より遊びて帰り給ふが、〈著聞。和歌〉<br>（時流に乗って）栄え<br><br>いとやむごとなき際にはあらぬが、すぐれてときめき給ふありけり。〈源氏・棡壼〉<br>寵愛を受け<br>"
"かしづく","大切に育てる、大切に世話をする","この少将をぱよき聟とてかじづき、〈宇治・巻二・八話〉<br>大切に世話をし<br><br>親たちかしづき給ふことかぎりなし。〈堤中納言・虫めづる姫君〉<br>大切に育て<br>"
"めづ（愛づ）","愛する、感嘆する","いかなる人、蝶めづる姫君につかまつらむ。〈堤中納言・虫めづる姫君〉<br>愛する<br><br>この歌にめでてあひにけり。〈伊勢・九五段〉<br>感嘆し<br>"
"おどろく（驚く）","目を覚ます、気づく","抱きて寝たるに、おどろきて児を見るになし。〈今昔・十二巻・三四話〉<br>目を覚まし<br><br>秋来ぬと目にはさやかに見えねども風の音にぞおどろかれぬる〈古今・一六九〉<br>気づい<br>"
"こうず（困ず）","疲れる","このごろ物の怪にあづかりてこうじにけるにや、ゐるままにすなはちねぷり声なる、いとにくし。〈枕・にくき物〉<br>疲れ<br><br>"
"おぼゆ（覚ゆ）","思われる、思い出される、似る","世の中にまた類ある事ともおぼえず。〈更級〉<br>思われ<br><br>うちある調度も昔おぼえて、〈徒然・十段〉<br>思い出され<br><br>少しおぼえたるところあれば、子なめりと見給ふ。〈源氏・若紫〉<br>似<br>"
"<ruby><rb>聞</rb><rt>き</rt></ruby>こゆ","聞こえる、評判になる、分かる","きこえぬことども言ひつりよろめきたる、いとかはゆし。〈徒然・一七五段〉<br>分から<br><br>鶉は、いとこちたきさまなれど、鳴く声雲井まできこゆる、いとめでたし。〈枕・鳥は）<br>聞こえる<br><br>都にきこえたる白拍子の上手一人出で来たり。〈平家・巻一〉<br>評判になつ<br>"
"まもる、まぼる（守る）","見つめる","うちうなづきて、御顛をまもりて、濮の落つべかめれば立ちておはしぬ。〈源氏’御法〉<br>見つめ<br><br>"
"たのむ（頼む）","あてにする、あてにされる","たのめしをなほや待つべき〈更級〉<br>あてにさせ<br><br>後の矢をたのみて、初めの矢になほざりの心あり。〈徒然・九二段〉<br>あてにし<br>"
"かづく（被く）","かぶる、いただく、与える","まいて海女のかづきしに入るは憂きわざなり。〈枕・うちとくまじき物〉<br>潜り<br><br>傍らなる足鼎を取りて、頭にかづきたれぱ、〈徒然・五三段〉<br>かぶっ<br><br>禄に大桂かづきて、〈大和・一三二段〉<br>いただい<br><br>（中納言は）御衣脱ぎてかづけ給うつ。〈竹取・燕の子安貝〉<br>（ほうびとして）与え<br>"
"ののしる","大声で騒ぐ、評判になる、羽振りをきかす","この世にののしりたまふ光源氏、かかるついでに見たてまつりたまはんや。〈源氏・若紫〉<br>評判になっ<br><br>左の大臣の北の方にてののしり給ひける時、〈大和・一二四段〉<br>羽振りをきかせ<br><br>里びたる声したる犬どもの出で来て。ののしるも、いと恐ろしく、〈源氏・浮舟〉<br>大声で騒ぐ<br><br>皆同じく笑ひののしる、いとらうがはし。〈徒然・五六段〉<br>騒がしい<br>"
"やる（遣る）","送る、〜きれない","言ひもやらず泣くさま、ことわりなり。〈源氏・総角〉<br>きれず<br><br>（こんな日記は）とまれかうまれ、とぐ破りてむ。（土佐・二月十六日〉<br>破っ<br><br>かしこより人おこせぱ、これをやれ。〈伊勢・九六段〉<br>よこし<br><br>人の許いふべき事ありて、文をやるとて、〈徒然・三一段〉<br>送る<br>"
"いらふ（答ふ）","答える","ただ一度にいらぺ。むも、待ちけるかともぞ思ふとて、〈宇治・巻一・十二話〉<br>答える<br><br>"
"にほふ（匂ふ）","美しく映える","いにしへの奈良の都の八重桜けふ九重ににほひぬるかな〈嗣花・二九〉<br>美しく咲い<br><br>"
"あきらむ（明らむ）","明らかにする","火のあかき所へ出で来たりて、〈宇治・巻十四・十一話〉<br>明るい<br><br>何事なりともあきらめ申さん。〈徒然・一三五段〉<br>明らかにし<br>"
"ねんず（念ず）","がまんする","中の御社のほどの、わりなうくるしきを、念じのぼるに、〈枕・うらやましげなる物〉<br>がまんして<br><br>"
"まうく（設く）","用意する","（一の皇子は）疑ひなきまうけの君と、世にもてかしづききこゆれど、〈源氏・桐壼〉<br>皇太子<br><br>懷に設けたる、柄短き筆など、御車とどむる所にて奉れり。〈源氏・澪標〉<br>用意し<br>"
"ゐる（居る、率る）","座る、〜ている、連れる","やうやう夜も明けゆくに、見れば率て来し女もなし。〈伊勢・六段〉<br>連れ<br><br>三寸ばかりなる人、いとうつくしうてゐたり。〈竹取・かぐや姫の生ひ立ち〉<br>座つ<br><br>物の隠れよりしばし見ゐたるに、〈徒然・三二段〉<br>てい<br>"
"<ruby><rb>具</rb><rt>ぐ</rt></ruby>す","伴う、連れる、添える","かの奉る不死の薬壼に文具して、御使に賜はす。〈竹取・富士の煙〉<br>添え<br><br>坏など具せざりければ、手にむすびて食はす。〈伊勢・異二段〉<br>伴っ<br><br>ちひさき君たちをひきぐして、三条右大臣殿にすみたまひけり。〈大和・九四段〉<br>連れ<br>"
"<ruby><rb>経</rb><rt>ふ</rt></ruby>","たつ、通る","黒崎の松原をへて行く。〈土佐・二月一日〉<br>通り<br><br>日ごろ綢て、宮に帰りたまうけり。〈伊勢・八三段〉<br>たつ<br>"
"さる（避る、去る）","避ける、なる","えさらぬことのみいとど重なりて、〈徒然・五九段〉<br>避ける<br><br>夕されぱ野辺の秋風身にしみて鶉鳴くなり深草の里〈千載・二五九〉<br>なる<br>"
"ものす（物す）","する、いらっしゃる","かく世を離るるさまにものしたまへば、〈源氏・夕顔〉<br>いらっしやる<br><br>（官はお手紙に）「あさましく」とあり。〈和泉式部〉<br>お書きになっている<br><br>（夫が）「見むと思はば」とあるを、〈蜻蛉・上巻〉<br>言う<br><br>中将はいづこよりものしつるぞ。〈源氏・野分〉<br>来<br><br>さる御文をだにりのせさせ給へ。〈落窪・巻一〉<br>書き<br><br>宮はいとどしき御心なれば、いとものしき御気色にて、〈源氏・賢木〉<br>不快な<br>"
"ならふ（慣らふ、馴らふ）","慣れる、なじむ"," (光源氏は）かかる有様をならひ給はず、ところせぎ御身にて、珍しう思されけり。〈源氏・若紫〉<br>なじみ<br><br>さすがならはぬ道なれば、〈とはずがたり・巻四〉<br>慣れ<br>"
"しのぶ（忍ぶ、偲ぶ）","がまんする、人目につかないようにする、思い出す","心地にはかぎりなく妬く心憂く思ふを、しのぶるになむありける。〈大和・一四九段〉<br>がまんする<br><br>なき人をしのぶる宵のむら雨に濡れてや来つる山時鳥〈源氏・幻〉<br>思い出す<br><br>寺、社などにしのびてこもりたるもをかし。〈徒然・十五段〉<br>人目を忍ん<br>"
"わぶ（侘ぶ）","困る、〜かねる","いといたう強ひられて、わびにて侍り。〈源氏・花宴〉<br>困っ<br><br>念じわびつつ、様々の財物かたはしより捨つるが如くすれども、〈方丈〉<br>かね<br><br>限りなぐ遠くも来にけるかな、とわび合へるに、〈伊勢・九段〉<br>嘆き<br>"
"をかし","すばらしい、滑稽だ","妻、「をかし」と思ひて、笑ひてやみにけり。〈今昔・二八巻・四二話〉<br>滑稽だ（おかしい） <br><br>笛をいとをかしく吹き澄まして、過ぎぬなり。〈更級〉<br>すばらしく（うまく） <br><br>また、ただひとつふたつなど、ほのかにうちひかりて行くもをかし。〈枕・春は曙〉<br>すばらしい（すてきだ・美しい・風情がある） <br><br>童のをかしげなる、出で来てうち招く。〈源氏・夕顔〉<br>かわいい様子の <br>"
"よろし","悪くはない、普通だ","「よろしく侍り。」〈無名抄〉<br>悪くはない <br><br>よき人はあやしきことを語らず。〈徒然・七三段〉<br>身分が高く教養がある人 <br><br>よろしき事にたに、かかる別れの悲しからぬはなきわざなるを、ましてあはれに言ふかひなし。〈源氏・桐壷〉<br>普通の <br>"
"ありがたし","めったにない、すばらしい","ありがたきもの。舅にほめらるる婿。〈枕・ありがたき物〉<br>めったにない <br><br>「さ候へばこそ、世に有り難きものには侍りけれ」とていよいよ秘蔵しけり。〈徒然・八八段〉<br>すばらしい <br>"
"つきづきし（付き付きし）","似つかわしい","家居のつきづきしく、あらまほしきこそ、仮の宿りとは思へど、興あるものなれ。〈徒然・十段〉<br>似つかわしく <br><br>"
"なまめかし","上品だ、若々しい","（春宮は）あてになまめかし引おはします。〈源氏・若菜下〉<br>上品で（優美で） <br><br>なまめかしく、人の親げなくおはしますを、〈源氏・若菜上〉<br>若々しく <br>"
"めでたし","すばらしい","藤の花は、しなひ長く、色濃く咲きたる、いとめでたし。〈枕・木の花は〉<br>すばらしい <br><br>"
"うるはし","きちんとしている、美しい","日の装束うるはしくしたる人の、太刀帯きて笏取り、〈今昔・二七巻・二話〉<br>きちんと <br><br>（枇杷殿は）あまり御心うるはしくすなほにて、へつらひ飾りたる小国には負はぬ御相なり。〈大鏡・雑々物語〉<br>美しく <br>"
"やむごとなし","高貴だ、並々でない","この大臣の御おぼえいとやむごとなきに、〈源氏・桐壺〉<br>並々でない <br><br>やむごとなき人のかくれ給へるもあまた聞こゆ。〈方丈〉<br>高貴な <br>"
"おとなし（大人し）","思慮分別がある、主だっている","上人なほゆかしがりて、おとなしく物知りぬべき顔したる神官を呼びて、〈徒然・二三六段〉<br>思慮分別があり <br><br>（春宮は）十一になりたまへど、ほどより大きに大人しうきよらにて、〈源氏・澪標〉<br>大人びていて <br><br>おとなしく、もどきぬべくもあらぬ人のいひ聞かするを、〈徒然・一六八段〉<br>主だっていて <br>"
"ゆかし","見たい、聞きたい、知りたい、心ひかれる","（天香具山は）年ごろゆかしう思ひわたりし所なりけれぱ、〈菅笠・下巻〉<br>見たいと <br><br>山略来て何やらゆかしずみれ草〈野ざらし〉<br>心ひかれる <br>"
"なつかし","親しみ深い","（村上天皇は）なつかしうなまめきたる方は、延喜にはまさり申させたまへり。〈大鏡・雑々物語〉<br>親しみ深く <br><br>"
"はづかし（恥ずかし）","立派だ","はづかしき人の、歌の本末問ひたるに、ふとおぼえたる、我ながらうれし。〈枕・うれしき物〉<br>（こちらが恥ずかしくなるほど）立派な <br><br>"
"こころにくし","奥ゆかしい","うちある調度も昔覚えてやすらかなるこそ、心にくしと見ゆれ。〈徒然・十段〉<br>奥ゆかしい <br><br>"
"うつくし（美し）","かわいい","うつくしきもの。瓜にかきたるちごの顔。〈枕・うつくしき物〉<br>かわいい <br><br>"
"かなし","いとしい","（男は）限りなくかなしとおもひて、河内へも行かずなりにけり。〈伊勢・二三段〉<br>いとしい <br><br>"
"らうたし","かわいい","（赤ちゃんが）かい付きて寝たる、いとらうたし。〈枕・うつくしき物〉<br>かわいい <br><br>（若紫は）頬つきいとらうたげにて、〈源氏・若紫〉<br>かわいらしく <br>"
"めやすし（目安し）","感じがよい","（女房は）髪ゆるるかに、いと長く、めやすき人なめり。〈源氏・若紫〉<br>感じがよい <br><br>"
"あやし（怪し、賤し）","不思議だ、身分が低い、粗末だ","あやしき舟どもに柴刈り積み、〈源氏・檎姫〉<br>粗末な <br><br>あやしの身には得がたき物にて、〈発心･第六・七〉<br>身分が低い <br><br>ただ文字一つに、あやしう、あてにもいやしうもなるは、いかなるにかあらむ。〈枕・ふと心おとりとかするものは〉<br>不思議に <br>"
"さうざうし","物足りない","帝、さうざうしとや思し召しけむ、殿上に出でさせおはしまして、〈大鏡・道長〉<br>もの足りない <br><br>"
"つれなし","平然としている、冷淡だ","いとつれなく、なにとも思ひたらぬさまにて、たゆめ過ぐすも、またをかし。〈枕・うれしき物〉<br>平然として <br><br>昔、をとこ、つれなかりける女にいひやりける。〈伊勢・五四段〉<br>冷淡だっ <br>"
"なめし","無礼だ","文ことばなめき人こそいとにくけれ。〈枕・文こと葉なめき人こそ〉<br>無礼な <br><br>"
"おどろおどろし","大げさだ、気味が悪い","いとおどろおどろしくかきたれ雨の降る夜、〈大鏡・道長〉<br>気味悪く <br><br>夜いたくふけて、門をいたうおどろおどろしうたたけば、〈枕・里にまかでたるに〉<br>大げさに <br>"
"<ruby><rb>憂</rb><rt>う</rt></ruby>し","つらい、いやだ","今日よりはうき世の中をいかでわたらむ。〈大和・一五七段〉<br>つらい <br><br>若き女房などは、心うしと耳とどめけり。〈源氏・紅葉賀〉<br>いや（な感じ）だ <br>"
"むつかし","うっとうしい、気味が悪い","女君は、暑くむつかしとて、御髪すまして、〈源氏・若菜下〉<br>うっとうしい <br><br>奥の方は暗うものむつかしと、女は思ひたれぱ、〈源氏・夕顔〉<br>気味が悪い <br>"
"すさまじ","興ざめだ、殺風景だ","すさまじきもの。昼ほゆる犬、春の網代。〈枕・すさまじき物〉<br>興ざめな <br><br>冬の夜の月は、昔よりすさまじき物の例にひかれて侍りけるに、〈更級〉<br>殺風景な（寒々とした） <br>"
"びんなし（便無し）","不都合だ、気の毒だ","（買った人が）「きのふの価返しくれたびてんや」と侘びぬ。いとびんなければ、許しやりぬ。〈落柿舎〉<br>気の毒な <br><br>左の大臣の、一の人といひながら、美麗ことのほかにて参れる、びんなきことなり。〈大鏡・時平〉<br>不都合な <br>"
"いとほし","気の毒だ","去り難き妻、いとほしき子をふり捨て、〈撰集・巻一・四話〉<br>かわいい <br><br>翁をいとほし、かなしと思しうることも失せぬ。〈竹取・かぐや姫の昇天〉<br>気の毒だ <br>"
"いはけなし","子どもっぽい","（若紫が）いはけなくかいやりたる額つき、髪ざし、いみじうつくし。〈源氏・若紫〉<br>子どもっぽく <br><br>その子いまだいとけなき程に、日本に帰る。〈宇治・巻十四・四話〉<br>幼い <br>"
"つらし","薄情だ","つらくもおはしますかな。〈源氏・少女〉<br>薄情で <br><br>"
"ところせし（所狭し）","窮屈だ","せぱき縁に、ところせき装束の下襲引き散らされたり。〈枕・淑景舎、春宮に〉<br>窮屈なほど <br><br>かかる有様もならひ給はず、ところせき御身にて、珍しう思されけり。〈源氏・若紫〉<br>窮屈な <br>"
"うしろめたし","気がかりだ","いとはかなうものし給ふこそ、あはれにうしろめたけれ。〈源氏・若紫〉<br>気がかりだ <br><br>"
"かたはらいたし","きまり悪い、苦々しい、気の毒だ","すのこはかたはらいたければ、南のひさしに入れ奉る。<br>気の毒な <br><br>御前にて申すはかたはらいたき事には候へども、〈今昔・二二巻・八話〉<br>きまり悪い <br><br>すべていとも知らぬ道の物がたりしたる、かたはらいたく聞きにくし。〈徒然・五七段〉<br>苦々しく（みっともなく） <br>"
"わりなし","ひどい、どうしようもない、苦しい","わりなくものうたがひする男にいみじう思はれたる女。〈枕・くるしげなる物〉<br>ひどく <br><br>わりなうおぼし乱れぬべし。〈枕・清涼殿のうしとらのすみの〉<br>どうしようもなく <br><br>一昨日より腹を病みて、いとわりなければ、〈源氏・空蝉〉<br>苦しい <br>"
"<ruby><rb>本意</rb><rt>ほい</rt></ruby>なし","残念だ","人の語りいでたる歌物語の、歌のわろきこそほいなけれ。〈徒然・五七段〉<br>残念だ <br><br>"
"あさまし","驚くほどだ、あきれるほどだ、情けない","物のあはれも知らずなり行くなんあさましき。〈徒然・七段〉<br>情けない <br><br>かくあさましきそらごとにてありければ、〈竹取・蓬莱の玉の枝〉<br>あきれるほどの <br><br>このゐたる犬のふるひわななきて、涙をただおとしにおとすに、いとあさまし〈枕・うへにさぶらふ御ねこは〉<br>驚くほどだ <br>"
"めざまし","きにくわない、すばらしい","はじめより我はと思ひ上がり給へる御方々、めざましきものにおとしめそねみ給ふ。〈源氏・桐壼〉<br>気にくわない <br><br>気高きさまして、めざましうもありけるかな。〈源氏・明石〉<br>すばらしい <br>"
"いみじ","すばらしい、ひどい、とても","風の音を。いみじう心ぼそし。〈更級〉<br>とても <br><br>あないみじ。犬を蔵人二人してうち給ふ。死ぬべし。〈枕・うへにさぶらふ御ねこは〉<br>ひどい <br><br>世は定めなきこそ、いみじけれ。〈徒然・七段〉<br>すばらしい <br>"
"ゆゆし","不吉だ、すばらしい、はなはだしく","ゆゆしかりける者どもの心の大きさ広さかな。〈宇治・巻三・九話〉<br>すばらしかっ <br><br>ゆゆしき身にはべれば、〈源氏・桐壺〉<br>不吉な <br><br>各々拝みて、ゆゆしく信おこしたり。〈徒然・二三六段〉<br>はなはだしく <br>"
"やさし","優美だ、上品だ、殊勝だ","昨日今日御門ののたまはむことにつかむ、人聞きやさし。（竹取・御門の求婚〉<br>恥ずかしい <br><br>いと若やかに愛敬づき、やざしきところ添ひたり。〈源氏・蜻蛉〉<br>上品な <br><br>あなやさし。〈平家・巻七〉<br>殊勝だ <br>"
"しるし（著し）","はっきりと分かる、〜のとおりに","世とともにいひけるもしるく、男もせで、二十九にてなむ、うせたまひにける。〈大和・一四二段〉<br>とおりに <br><br>東よりの使ひ帰り来たる気色しるけれど、〈増鏡・十六巻〉<br>はっきりと分かる <br>"
"とし（疾し）","早い","梅は白き、うす紅梅、一重なるがとく咲きたるも、重なりたる紅梅の、匂ひめでたきも、みなをかし。〈徒然二三九段〉<br>早く <br><br>"
"ゆくりなし","突然だ","眺めつつ来る間に、ゆくりなく風吹きて、〈土佐・二月五日〉<br>突然に <br><br>"
"おぼつかなし","はっきりしない、気がかりだ、待ち遠しい","小町が盛りなる事、その後のことにや、なほおぼつかなし。〈徒然・一七三段〉<br>はっきりしない <br><br>やや久しく物もいはでありければ、人どもおぼつかなく思ひける程に、〈宇治・巻一・十一話〉<br>気がかりに <br><br>都の音づれは、いつしかおぼつかなきほどにしも、〈十六夜〉<br>待ち達しい <br>"
"心もとなし","かすかだ、不安だ、じれったい","花びらの端に、をかしきにほひこそ、こころもとなうつきためれ。（枕・木の花は〉<br>かすかに <br><br>こころもとなき日数重なるままに、白河の関にかかりて、旅心定まりぬ。〈奥の細道・白河の関〉<br>不安な <br><br>わづかに見つつ心も得ずこころもとなく思ふ源氏を、一の巻よりして、〈更級〉<br>じれったく <br>"
"あはれなり","しみじみと心に深く感じられる","あはれなる人を見つるかな。〈源氏・若紫〉<br>かわいい <br><br>あはれなりつる心のほどなむ忘れむ世あるまじき。〈更級〉<br>心に深く感じられ <br><br>めでたく歌をうたふ。人々いみじうあはれがりて、〈更級〉<br>心に深く感じ <br><br>あはれ、いと寒しや。〈源氏・夕顔〉<br>ああ <br><br>花をもてあそび、鳥をあはれまずといふ事なし。〈後拾遺・序〉<br>心に深く感じ <br>"
"つれづれなり（徒然なり）","退屈である、ものさびしい","日もいと長きつれづれなれば、（光源氏は）夕暮れのいたう霞みたるに紛れて、かの小柴垣のもとに立ち出で給ふ。〈源氏・若紫〉<br>（することもなく）退屈である <br><br>そこはかとなく、つれづれに心細うのみ覚ゆるを、〈源氏・末摘花〉<br>（しんみりと）ものさびしく <br>"
"すずろなり、そぞろなり（漫ろなり）","わけもない、思いがけない、むやみやたらだ","もの心細く、すずろなる目を見ることと思ふに、〈伊勢・九段〉<br>思いがけない <br><br>昔、男、すずろに陸奥の国までまどひいにけり。〈伊勢・一一六段〉<br>なんというわけもなく<br><br>すずろに言ひ散らすは、さばかりの才にはあらぬにや。〈徒然・一六八段〉<br>むやみやたらに <br>"
"まめなり、まめやかなり","まじめである、実用的である","小舎人童を走らせて、すなはち、車にてまめなる物、さまざまにもて来たり。〈大和・一七三段〉<br>実用的な <br><br>何をか奉らむ。まめまめしきものはまさなかりなむ。〈更級〉<br>実用的な <br><br>大方の人がらまめやかに、あだめきたる所なく、〈源氏・少女〉<br>まじめで <br><br>「思ふ人の、人にほめらるるはいみじううれしき」などまめまめしうのたまふもをかし。〈枕・頭弁の、職に参り給ひて〉<br>まじめに <br>"
"あだなり（徒なり）","はかない、浮気だ","あだなる男の形見とて置きたる物どもを見て、〈伊勢・一一九段〉<br>浮気な <br><br>命をばあだなるものと聞きしかどつらきがためは長くもあるかな〈新古今・一三六三〉<br>はかない <br>"
"いたづらなり（徒らなり）","役に立たない、むなしい","（水車を）とかく直しけれどもつひに回らでいたづらに立てりけり。〈徒然・五一段〉<br>役にも立たず <br><br>「わが身は今ぞ消え果てぬめる」と書きて、そこにりいたづらになりにけり。〈伊勢・二四段〉<br>むなしく <br>"
"<ruby><rb>優</rb><rt>いう</rt></ruby>なり","優れている、優雅である","づれも人の口に乗ら心なく、優にこそ承れな。〈大鏡・伊伊〉<br>優れている <br><br>"
"あてなり（貴なり）","高貴である、上品である","四十余ばかりにて．いと白うあてに、やせたれど、〈源氏・若紫〉<br>上品で <br><br>世界の男、貴なるも賤しきも、いかでこのかぐや姫を得てしがな見てしがなと、音に聞きめでてまどふ。〈竹取・かぐや姫の生ひ立ち〉<br>高貴な <br>"
"あからさまなり","ほんのちょっと","「人らせ給はぬさきに雪降らなむ。この御前の有様、いかにをかしからむ」と思ふにあからさまにまかでたるほど、二日ばかりありてしも雪は降るものか。〈紫式部〉<br>ほんのちょうと <br><br>"
"みそかなり（密かなり）","ひそかに","六月二十二日の夜、あさましくさぶらひしことは、（花山院は）人にも知らせたまはで、みそかに花山寺におはしまして、御出家入道せさせたまへりしこそ、〈大鏡・花山院〉<br>ひそかに <br><br>"
"おろかなり（疎かなり）","いい加減だ、並ひととおりだ、言い尽くせない","恐ろしなんどもおろかなり〈平家・巻十一〉<br>言い尽くせない <br><br>年頃はおろかなら頼みて過ぐしつるに、〈今鏡・昔語第九〉<br>並ひととおりで <br><br>帝の御使ひをばいかでかおろかにせむ。〈竹取・御狩のみゆき〉<br>いい加減に <br>"
"をこなり","愚かだ、ばかばかしい","虚言をねんごろに信じたるもをこがましく、〈徒然・七三段〉<br>ばかばかしく <br><br>「義仲、をこの者で候ふ。ただ今朝敵になり候ひなんず。急ぎ追討せさせ給へ」と申しければ、〈平家・巻八〉<br>愚か <br>"
"むげなり（無下ない）","ひどい、ひどく","賤しの田舎人なれども、みなさやうのことは知りたるものを。かの郡司は無下なりげる奴かな。〈今昔・巻二八・七話〉<br>ひどかっ <br><br>むげに思ひしをれて、心細かりければ、〈源氏・帚木〉<br>ひどく <br>"
"なかなかなり","中途半端だ、かえってないほうがましだ","さる言には、何のいらへをかせむ。なかなかならむ。〈枕・五月ばかり〉<br>かえってしないほうがよい <br><br>若宮の参らせ給へりしこそ、御忘れ形見もなかなかなる御もの思ひの催しぐさなりや」と、おぼしめすらむかし。 <br>かえってないほうがましな <br><br>七日が程の御有様、書きつづくるもなかなかなれば、えもまねばず。〈栄花・さまざまのよろこび〉<br>中途半端である <br>"
"<ruby><rb>手</rb><rt>て</rt></ruby>","字、演奏法","手のわろき人の、はばからず文書きちらすはよし。〈徒然・三五段〉<br><b>字</b>の下手な人が、（下手なことを）少しも気にかけずに手紙をどんどん書くのはよいものである。<br><br>父が弾く手一つ残さず習ひとりつ。〈宇津保・俊蔭〉<br>（娘は）父が弾く（琴の）<b>演奏法</b>は、一つ残らず習得した。<br><br>（右大将の）書きて奉られたる本をこそは、男手も女手も習ひたまふめれ。〈宇津保・国譲上〉<br>（春宮は右大将が）書いて差し上げなさったお手本ばかりを<b>漢字</b>も<b>平仮名</b>も練習なさっているようです。<br>"
"<ruby><rb>文</rb><rt>ふみ</rt></ruby>、<ruby><rb>書</rb><rt>ふみ</rt></ruby>","手紙、漢詩","文に思ひける事どもの限り多う書きて取らせたりければ、〈平中・十八段〉<br><b>手紙</b>に思ったことのすべてをたくさん書いて与えたので、<br><br>長恨歌といふ文を、物語に書きてあるところあんなり。〈更級〉<br>（白楽天の）「長恨歌」という<b>漢詩</b>を、物語に書き直して持っている所があるそうだ。<br>"
"<ruby><rb>消息</rb><rt>せうそこ</rt></ruby>","手紙、訪問の申し入れ","心に忘れずながら消息などもせで久しくはべりしに、〈源氏・帚木〉<br>（女のことを）心の中では忘れていないながら<b>手紙</b>などもやらず長く（会わないで）いましたところ、<br><br>消息を言ひ入るれど、なにのかひなし。〈大和・一〇一段〉<br>（家の中の者に）<b>訪問の申し入れ</b>をしてみるが、なんのかいもない。<br>"
"あそび（遊び）","管弦の遊び","いとあはれがらせ給ひて、ものもきこしめさず。御遊びなどもなかりけり。〈竹取・富士の煙〉<br>とてもお悲しみになって、何も召し上がらない。<b>管弦のお遊び</b>なども停止された。<br><br>道方の少納言、琵琶いとめでたし。済政箏の琴、行義笛、経房の中将笙の笛など、おもしろし。ひとわたり遊びて、琵琶弾きやみたるほどに、〈枕・御仏名のまたの日〉<br>道方の少納言は、琵琶がとてもすばらしい。済政の箏め琴、行義の笛、経房の中将の笙の笛なども、おもしろい。みながひととおり<b>音楽を奏で楽しん</b>で、琵琶を弾くのをやめたときに、<br>"
"うへ（上）","帝、奥様","「無名」といふ琵琶の御琴を、上の持てわたらせ給へるに、〈枕・無名といふ琵琶の御琴を〉<br>「無名」という名の琵琶のお琴を、<b>帝</b>が持っておいでになったので、<br><br>上も大臣も、かく、つと添ひおはすれば、〈源氏・柏木〉<br>（母）<b>北の方</b>も（父）大臣も、こうして、（病床の息子に）ぴったり寄り添っていらっしやるので、<br>"
"おほやけ（公）","朝廷、帝","おほけの宮仕へしければ、（親王のもとに）常にはえまうでず。〈伊勢・八五段〉<br>（男は、）<b>朝廷</b>に宮仕えをしていたので、（公務で忙しく、親王の所に）絶えず参上することはできない。<br><br>大臣のかく世をのがれ給へば、おほやけも心細う思され、〈源氏・賢木〉<br>大臣がこのように出家なさったので、<b>帝</b>も心細くお思いになり、<br>"
"うち（内裏・内）","宮中、帝","君は二日三日うちへも参り給はで、〈源氏・若紫〉<br>（光源氏の）君は二、三日<b>官中</b>へも参上なさらないで、<br><br>うちにも（東宮を）めでたしと見奉り給ひて、世の中ゆづり聞こえ給ふべきことなど、なつかしう聞こえ知らせ給ふ。〈源氏・澪標〉<br><b>帝</b>も（皇太子を）立派だと見申し上げ（＝拝見）なさって、国の政治を譲り（＝譲位）申し上げなさるつもりであることを、やさしく（皇太子に）お話ししてお聞かせになる。<br><br>思ひきや深山の奥に住まひして雲居の月をよそに見むとは〈平家・灌頂巻〉<br>思りたか（いや、思いもかけなかったよ）。こんなに深い山の奥に住んで、（かつて眺めた）<b>宮中</b>の月をほかの所で見ようとは。<br>"
"<ruby><rb>御前</rb><rt>おまえ</rt></ruby>","お側","（帝は愛する更衣を）あながちに御前去らずもてなさせ給ひしほどに、〈源氏・桐壺〉<br>（帝は更衣を）無理に<b>お側</b>から離さずに大切になさっていたときに、<br><br>宮の御前のうち笑ませ給へる、いとをかし。〈枕・関白殿、二月廿一日に〉<br>中官<b>様</b>がほほえんでいらっしやる様子は、とてもすてきだ。<br>"
"みゆき（行幸・御幸）","お出まし","小倉山峰のもみぢ葉心あらば今一度のみゆき待たなむ〈拾遺・一二一八（百人一首）〉<br>小倉山の峰の紅葉よ。もしおまえに心があるならば、もう一度の<b>（帝の）お出まし</b>を（散らずに）待っていてほしい。<br><br>法皇夜をこめて大原の奥へぞ御幸なる。〈平家・灌頂巻〉<br>法皇はまだ夜も深いうちに大原の奥へ<b>お出まし</b>になる。<br>"
"たより（頼り・便り）","よりどころ、つて、よい機会","さて年ごろ経るほどに、女。親なく、たよりなくなるままに、〈伊勢・二三段〉<br>そうして何年か過ぎるうちに、女は、親が死に、<b>よりどころ</b>がなくなるにつれ、<br><br>たよりあらばいかで都へ告げやらむ今日白河の関は越えぬと〈拾遺・三三九〉<br>（何か）<b>つて</b>があるならばなんとかして都へ知らせてやりたいものだ。今日（陸奥の）白河の関を越えたと。<br><br>たよりごとに物も絶えず得させたり。〈土佐・二月十六日〉<br>（何か）<b>よい機会</b>があるごとに（お礼の）品物も絶えず与えていた。<br>"
"<ruby><rb>物語</rb><rt>ものがたり</rt></ruby>","世間話","おなじ心なる人二三人ばかり、火桶を中に据ゑで、物語などするほどに、〈枕・雪のいと高うはあらで〉<br>気の合う人二、三人くらいが、火桶を中に置いて、<b>世間話</b>などするうちに、<br><br>世の中に（「源氏物語」などの）物語といふもののあんなるを、いかで見ばやと思ひつつ、〈更級）<br>世の中に（「源氏物語」などの）<b>物語</b>というものがあるそうだが、（それを）どうにかして読みたいと（わたしは）思いながら、<br>"
"ためし（例）","先例","集をえらぶ人はためし多かれども、再び勅をうけて、代々に聞こえあげたる家は、たぐひなほありがたくやありけむ。〈十六夜〉<br>（和歌の）勅撰集を編集する人は<b>先例</b>がたくさんあるけれども、（一人で）二度勅命を受けて、その御代御代の天皇に（勅撰和歌集を）奏上した家柄は、類例がやはりめったになかったことだろうか。<br>"
"いそぎ（急ぎ）","準備","（十二月には）公事どもしげく、春の急ぎにとり重ねて催し行はるるさまぞ、いみじきや。〈徒然・十九段〉<br>（十二月には）朝廷の政務や儀式などが頻繁にあり、新春の<b>準備</b>と重複して（それらが）催し行われる有様は、たいそうなものだ。<br><br>正月の御装束急ぎ給ふ。〈宇津保・嵯峨の院〉<br>正月のご衣装を<b>準備し</b>なさる。<br>"
"<ruby><rb>用意</rb><rt>ようい</rt></ruby>","気配り","頭の中将、容貌用意、人にはことなるを、（光源氏と）立ち並びては、なほ花のかたはらの深山木なり。〈源氏・紅葉賀〉<br>頭の中将は、顔立ちも<b>気配り</b>も、人よりは優れているが、（光源氏と）立ち並ぶと、やはり桜の花のかたわらの山奥の木である。<br>"
"かたち（形・容貌）","容貌","さかりにならば、かたちも限りなくよく、髪もいみじく長くなりなむ。光の源氏の夕顔、宇治の大将の浮舟の女君のやうにこそあらめ。〈更級〉<br>（わたしも）年ごろになりたら、きっと<b>容貌</b>もこの上なく美しく、髪もたいそう長くなるだろう。光源氏の（恋人の）夕顔、薫大将の（恋人の）浮舟の女君のようになるだろう。<br>"
"かげ（影）","光、姿","木の間よりもりくる月の影見れば心づくしの秋は来にけり〈古今二八四〉<br>木々の枝の間から漏れてくる月の<b>光</b>を見ると、もの思いをすることが多い秋が来たことだなあ。<br><br>月隈なくさし出でて、ふと人の影見えければ、〈源氏・空蝉〉<br>月の光がこうこうと照りはじめて、すっと人の<b>姿</b>が見えたので、<br>"
"けしき（気色）","様子、機嫌、意向","切に物思へる気色なり。〈竹取・天の羽衣〉<br>いちずに何か思っている<b>様子</b>である。<br><br>おほやけの御気色悪しかりけり。〈伊勢・一一四段〉<br>帝のご<b>機嫌</b>は悪かった。<br><br>わざとの御消息とはあらねど、御気色ありけるを、〈源氏・若菜上〉<br>正式な形でのお手紙ということではないが、ご<b>意向</b>を示されたのを、<br><br>梅の花のわづかにけしきばみはじめて、〈源氏・幻〉<br>梅の花が少しばかり（咲きそうな）<b>様子</b>を見せはじめて、<br><br>花山院、この四の君の御許に御文など奉り給ひ、けしき立たせ給ひけれど、〈栄花・みはてぬゆめ〉<br>花山院は、この四女のもとにお手紙などを差し上げなさって、（彼女への）<b>思いを示し</b>なさったけれども、<br>"
"こころざし（心ざし・志）","愛情、お礼の贈り物","「心ざしのまさらむにこそはあはめ」と思ふに、〈大和・一四七段〉<br>「（自分への）<b>愛情</b>がまさっているほうの男性と結婚しよう」と思うが、<br><br>いとはつらく見ゆれど、志はせむとす。〈土佐・二月十六日〉<br>とても薄情に見えるけれども、<b>お礼の贈り物</b>はしようと思う。<br>"
"<ruby><rb>本意</rb><rt>ほい</rt></ruby>","かねてからの願い","山籠りの本意深く、今年は出でじと思ひけれど、〈源氏・手習〉<br>山寺に籠もって仏道修行したいという<b>かねてからの願い</b>が深くて、今年は（山から）出まいと思うていたけれど<br>"
"こと（言）","言葉、和歌","ことに出でて言はぬばかりぞ〈古今・六〇七〉<br><b>言葉</b>に出して言わないだけだ（心の中では思っているよ）。<br><br>これに、ただ今覚えむ古き言、ひとつづつ書け。〈枕・清涼殿のうしとらのすみの〉<br>この紙に、今すぐ思い出せる古い<b>和歌</b>を、各自一首ずつ書け。<br><br>（光源氏が）紫の紙に書い給へる墨つきのいとことなるを（紫の上は）取りて見ゐ給へり。〈源氏・若紫〉<br>（光源氏が）紫の紙に書きなさった筆跡がとても<b>異なっている</b>のを（紫の上は）手に取ってじりと見ていらっしやった。<br><br>山里は秋こそことにわびしけれ〈古今・ニー四〉<br>山里の住まいは（四季の中でも）<b>とりわけ</b>秋がさびしくつらいことだ。<br>"
"わざ（業）","こと、葬儀","夜泣きといふわざする乳児の乳母。〈枕・くるしげなる物〉<br>（苦しそうなのは）夜泣きという<b>こと</b>をする赤ん坊の養育係。<br><br>それ失せ給ひて、安祥寺にて御わざししけり。〈伊勢・七七段〉<br>その方がお亡くなりになって、安祥寺で御<b>葬儀</b>をした。<br>"
"よろづ（万）","さまざま、何ごとにつけても","やまと歌は大の心を種として、よろづの言の葉とぞなれりける。〈古今・仮名序〉<br>和歌というものは人の心を種として、<b>さまざま</b>の言葉となったものである。<br><br>世の中変はりてのち、（光源氏は）よろづもの憂く思され、〈源氏・葵〉<br>ご治世が変わってから、（光源氏は）<b>何ごとにつけても</b>もの憂くお思いになり、<br>"
"ことわり（理）","道理","我を知らずして、外を知るといふことわりあるべからず。〈徒然・十三四段〉<br>自分（のこと）を知らないで、他人を知るという<b>道理</b>があるはずがない。<br><br>宮の泣きまどひ給ふこと、いとことわりなりかし。〈源氏・夕霧〉<br>（落葉の）宮がひどくお泣きになるのも、まことに<b>もっともなことである</b>よ。<br><br>「（東国の人は）にぎはひ豊かなれば、人には頼まるるぞかし」とことわられ侍りし。〈徒然・一四一段〉<br>「（東国の人は）富み栄え裕福であるから、人には頼りにされるのですよ」と<b>筋道を立てて説明し</b>なさいました。<br>"
"ひがごと（僻事）","間違い","道理と僻事を並べんに、いかでか道理につかざるべき。〈平家・巻二〉<br>道理と<b>間違い</b>を並べたときに、どうして道理に従わないことがあろうか（道理に従うものだ）。<br><br>かかる奥山に籠り居たらむ、あまりにひがひがしう〈浜松中納言・巻四〉<br>このような山奥に籠もっているのは、あまりに<b>ひねくれたことで</b><br>"
"そらごと（空事・虚言）","嘘","まこと蓬莱の木かとこそ思ひつれ。かくあさましきそらごとにてありければ、はや返し給へ。〈竹取・蓬莱の玉の枝〉<br>本当に蓬莱山の木かと思ったことであった。（しかしそれは）このようにあきれるほどの<b>嘘</b>であったので、早くお返しください。<br>"
"しるし（験・徴）","効き目、ご利益、きざし","さまざまの御祈りはじまりて、なべてならぬ法ども行はるれど、さらにそのしるしなし。〈方丈〉<br>いろいろなご祈祷が始まって、並々でない加持祈祷が行われたが、少しもその<b>効き目</b>がない。<br><br>必ず仏の御験を見むと思ひ立ちて、その暁に京を出づるに、〈更級〉<br>必ず仏の<b>ご利益</b>を受けようと思い立って、その日の夜明け前に都を出たが、<br><br>年も返りぬ。春のしるしも見えず、凍りわたれる水の音せぬさへ心細くて、〈源氏・手習〉<br>年も改まった。（しかし、辺りは）春の<b>きざし</b>も見られず、一面に凍りついている（谷川の）水の（流れる）音もしないことまでもが心細く感じられて、<br>"
"<ruby><rb>料</rb><rt>れう</rt></ruby>","ため","見れば、（庭に）長むしろをぞ四五枚敷きたる。何の料にかあらんと見るほどに、〈宇治・巻一・十八話〉<br>見ると、（庭に）長いむしろを四、五枚敷いてある。なんの<b>ため（のもの）</b>だろうかと見ていると。<br><br>"
"<ruby><rb>禄</rb><rt>ろく</rt></ruby>","ほうび","禄を出ださるれば、肩に掛けて、拝して退く。〈徒然・六六段〉<br><b>ほうび</b>を下さると、肩に掛けて、礼をして退出する。<br><br>御階の下に、親王たち上達部連ねて、禄ども品々に賜はり給ふ。〈源氏・桐壼〉<br>（清涼殿の）階段の下で、親王たちや上級貴族は立ち並んで、（帝から）<b>ほうび</b>などを身分に応じていただきなさる。<br>"
"としごろ（年頃・年比・年来）","長年","夜中ばかりに、皮の聖のもとにおはして「われ法師になし給へ。年頃の本意なり」とのたまひければ、〈栄花・ひかげのかづら〉<br>夜中ごろに、行円上人の所にいらっしやって「わたしを法師にしてください。<b>長年</b>の望みである」とおっしやったので、<br><br>年ごろおとづれざりける人の、桜の盛りに見に来たりければ、〈伊勢・十七段〉<br><b>長年</b>訪れなかった人が、桜の満開のときに見に来たので、<br><br>日ごろ降りつる雪の、今日はやみて、風などいたう吹きつれば、垂氷いみじうしたり。〈枕・十二月廿四日〉<br><b>数日の間</b>降り続いた雪が、今日はやんで、風などがひどく吹いたので、つららがたくさんできている。<br><br>月頃にこよなう物の心知り、ねびまさりにけり。〈源氏・浮舟〉<br><b>数か月の間</b>にこの上なくものごとがよく分かり、立派に成長した。<br>"
"つとめて","早朝、翌朝","九日のつとめて、大湊より（中略）漕ぎ出でけり。〈土佐・一月九日〉<br>九日の<b>早朝</b>、大湊から（中略）舟を漕ぎ出した。<br><br>平中、そのあひけるつとめて、人おこせむと思ひけるに、〈大和・一〇三段〉<br>平中という男は、（女と）夫婦の縁を結んだその<b>翌朝</b>（早く）、使いの人を（女に）よこそうと思ったが、<br>"
"世、世の中","男女の仲","心もゆかぬ世とはいひながら、まだいとかかる目は見ざりつれば、〈蜻蛉・中巻〉<br>思いどおりにならない<b>夫婦の仲</b>とはいいながら、いまだこんなひどい目には遭ったことはなかったので、<br><br>夢よりもはかなき（亡き親王との）世の中を嘆きわびつつ明かし暮らすほどに、〈和泉式部〉<br>夢よりもむなしい（亡き親王との）<b>男女の仲</b>を嘆き悲しみながら過ごすうちに、<br>"
"いかで","どうして、なんとかして","心細げなる有様、いかで過ぐすらんと、いと心ぐるし。〈徒然・一〇四段〉<br>頼りなげなありさまで、<b>どのように</b>過ごしているのだろうかと、とても気がかりだ。<br><br>「いかで月を見ではあらむ」とて、なほ月出づれば、（かぐや姫は）出でゐつつ嘆き思へり。〈竹取・天の羽衣〉<br>「<b>どうして月を見ないでいられようか、いや、いられない」と言って、やはり月が出ると、（かぐや姫は）縁側に出て座って嘆き悲しんでいる。<br><br>今は、いかでこの若き人々おとなびさせむと思ふよりほかのことなきに、〈更級〉<br>（夫が借濃守となり都にいない）今はもう、<b>なんとかして</b>（妻であるわたしが）この子どもたちを一人前に仕立てようと思うばかりであるが、<br><br>いかでこのかぐや姫を得てしがな。〈竹取・かぐや姫の生ひ立ち〉<br><b>なんとかして</b>このかぐや姫を手に入れ（て妻にし）たいものだ。<br>"
"いかが","どうして、どんなにか","あはれ、いかにし給はむずらむ。〈蜻蛉・上巻〉<br>ああ、（あなたはこの先）<b>どのように</b>なさるのだろうか。<br><br>昔、男ありけり。いかがありけむ、その男住まずなりにけり。〈伊勢・九四段〉<br>昔、男がいた。<b>どう</b>したのだろうか、その男は（女の所に）通わなくなってしまった。<br><br>かくばかり逢ふ日のまれになる人をいか．がつらしと思はざるべき〈古今・四三三〉<br>これほどまでに逢う日がまれなあの人のことを、<b>どうして</b>薄情だと思わないでいられようか、いや、薄情だと思ってしまいます。<br><br>このごろの山の紅葉はいかにをかしからむ。〈和泉式部〉<br>この時期の山の紅葉は<b>どんなにか</b>美しいことだろう。<br>"
"など","どうして","「など答へもせぬ」と言へば、〈伊勢・六二段〉<br>「<b>どうして</b>返事もしないのか」と言うと、<br><br>なぞかう暑きにこの格子は下ろされたる。〈源氏・空蝉〉<br><b>どうして</b>こんなに暑いのにこの格子をお下ろしになっているのか。<br><br>春霞なに隠すらむ桜花散る間をだにも見るベきものを〈古今・七九〉<br>春霞は<b>どうして</b>桜の花を隠すのだろうか。（咲いている期間が短い桜は）散るときでさえも見ていたいものなのに。<br><br>かからでよき日もあらむものを、なにしに詣でつらむ。〈枕・うらやましげなる物〉<br>こんな日でなくて（ほかに）よい日もあるだろうに、<b>どうして</b>お参りに来てしまったのだろうか。<br>"
"いつしか","いつの間にか、早く","うぐひすばかりぞいつしか音したるを、あはれと聞く。〈蜻蛉・下巻〉<br>鶯だけが（早くも）<b>いつの間にか</b>来て鳴いたのを、しみじみと聞く。<br><br>いつしか梅咲かなむ。〈更級〉<br><b>（できるだけ）早く</b>梅が咲いてほしい。<br>"
"おのづから（自ら）","たまたま、もしかして","おのずから人の上などうち言ひそしりたるに、幼き子どもの聞き取りて、その人のあるに言ひ出でたる。〈枕・はしたなきもの〉<br><b>たまたま</b>ある人の悪口を言っていたときに、幼い子たちが耳にとめて、その人がいる所で言い出したこと（はきまりが悪い）。<br><br>おのづから歌などや（集に）入ると思ひて、〈宇治・巻一・十話〉<br><b>もしかして</b>（自分の）歌などが（勅撰集に）選ぱれるかと思って、<br>"
"なほ（猶）","なんとしてもやはり","風波やまねば、なほ同じところにあり。〈土佐・一月五日〉<br>風や波がおさまらないので、（舟は）<b>依然として</b>同じ所にいる。<br><br>世の中になほいと心憂きものは、人に憎まれむことこそあるべけれ。〈枕・世の中になほいと心うき物〉<br>世の中で<b>なんといっても</b>やはりとてもいやなものは、人に憎まれることであるにちがいない。<br><br>東路の道の果てよりも、なほ奥つ方に生ひ出でたる人、〈更級〉<br>東国の道の果てよりも、<b>さらに</b>奥の方で育った人、<br><br>をりをりの事思ひ出で給ふに、よよと泣かれ給ふ。「夜更けはべりぬ」と聞こゆれど、なほ入り給はず。〈源氏・須磨〉<br>（都での）折々のことを思い出しなさると、おいおいと泣きなさる。「夜も更けました」と（側に仕える者が）申し上げるけれども、<b>それでもやはり</b>（光源氏は月を眺め続け）都屋の中にお入りにならない。<br>"
"いとど","ますます","散ればこそいとど桜はめでたけれ〈伊勢・八二段〉<br>（花が美しい上に）散るからこそ<b>ますます</b>桜はすばらしい。<br><br>いとどしき朝霧にいづこともなく惑ふ心地し給ふ。〈源氏・夕顔〉<br><b>いっそうはなはだしい</b>朝霧に（光源氏は）どことも知れない道に迷うようなお気持ちになる。<br>"
"げに（実に）","本当に","この歌よしとにはあらねど、げにと思ひて人々忘れず。〈土佐・一月十一日〉<br>この歌はよいというほどではないが、<b>本当に</b>（そのとおりだ）と思って人々は忘れない。<br><br>ありしよりけに恋しくのみおぼえければ、〈伊勢・六五段〉<br>以前より<b>ますます</b>ひたすら恋しく思われたので、<br>"
"かく","このように","かかるほどに…こうしているうちに<br>かかれば…こうであるので<br>かかれど…こうではあるが<br><br>かくうつくしうおはする御髪を。え見ぬこそ心憂く口惜しけれ。〈大鏡・三条院〉<br><b>このように</b>美しくていらっしやる御髪を、見ることができないのは情けなく残念である。<br><br>かかる日見むとは思はざりけむ。〈枕・うへにさぶらふ御ねこは〉<br><b>このような</b>目に遭うだろうとは思わなかっただろう。<br>"
"さ","そのように","さりとて…そうであるといって・だからといって<br>さりとも…そうではあっても・いくらなんでも<br>さりながら…そうではあるが<br>さるほどに…そうしているうちに<br>されば…そうであるから<br><br>必ずさおぼす故はべらむかし。〈更級〉<br>きっと<b>そのように</b>お思いになるわけがあるのでしょうよ。<br><br>昔の若人は、さる好ける物思ひをなむしける。〈伊勢・四〇段〉<br>昔の若者は、<b>そのような</b>いちずな恋の苦悩をしたものである。<br><br>歌一つづつ仕うまつれ。さらは許さむ。〈紫式部〉<br>和歌を一首ずつお詠み申し上げよ。<b>そうしたら</b>許そう。<br>"
"しか","そのように","しからば…そうであるならば<br>しかるに・しかるを…そうであるのに・ところが<br>しかれども…そうであるけれども<br><br>大将も、しか見奉り給ひて、ことわりに思す。〈源氏・賢木〉<br>源氏の大将も、<b>そのように</b>（中宮のお心を）ご推察申し上げなさって、（それも）ごもっともなことだとお思いになる。<br><br>千余日に力を尽くしたること、少なからず。しかるに、禄いまだ賜はらず。〈竹取・蓬莱の玉の枝〉<br>千余日の間に努力したことは、少なくはない（＝並たいていのことではない）。<b>そうであるのに</b>ほうびをまだいただいていない。<br>"
"と","あのように","と言ひかく言ひ、恨み給ふ。〈源氏・東屋〉<br><b>ああ</b>言ったり<b>こう</b>言ったりなさって、恨みなさる。<br><br>女君の心苦しき御気色をとかく慰め聞こえ給ふ。〈源氏・賢木〉<br>女君の痛々しげなご様子を<b>あれこれと</b>お慰め申し上げなさる。<br>"
"やがて","そのまま、すぐに","薬も食はず。やがて起きもあがらで、病みふせり。〈竹取・富士の煙〉<br>薬も飲まない。<b>そのまま</b>起きあがらないで、病気になって伏していた。<br><br>名を聞くよりやがて面影は推しはからるる心地するを、〈徒然・七一段〉<br>名前を聞くやいなや<b>すぐに</b>（その人の）面影が想像される気持ちがするのに、<br>"
"すなはち","すぐに","「歌仕うまつれ」と（帝が遊女に）仰せられければ、すなはち詠みたてまつりける。〈大和・一四五段〉<br>「歌を詠め」と（帝が遊女に）おっしやったところ、<b>すぐに</b>お詠み申し上げた。<br>"
"やうやう","しだいに","春は曙。やうやう白くなりゆく山際、少し明かりて、紫だちたる雲の、細くたなびきたる。〈枕・春は曙〉<br>春は夜明け前（がいい）。<b>しだいに</b>白くなりつつある山際の空が、紫かかった雲が、細くたなびいているの（がいい）。<br><br>草萌え出づるころより、やや春深く霞渡りて、〈徒然・十九段〉<br>草が芽を出すころから、<b>しだいに</b>春が深まり一面に霞がかかって、<br>"
"やをら","そっと","几帳の片つかたにうちかけて、人の臥したるを、奥の方より刪剖引一いたるも、いとをかし。〈枕・心にくき物〉<br>（脱いだ着物を）几帳の片方にひっかけて、女房が寝ているのを、部屋の奥のほうから<b>そっと</b>覗いているのも、とてもおもしろい。<br>"
"なかなか（に）","かえって","なかなか返事して、門立てられ、錠さされては悪しかりなんと思ひて、〈平家・巻六〉<br><b>中途半端に</b>返事をして、門を閉められ、碇をかけられてはまずいだろうと思って、<br><br>なかなかに寝も寝られず。これは夢かとのみ覚ゆ。〈成尋阿闍梨毋集〉<br>（息子になまじ会りたために）<b>かえって</b>眠ることもできない。これ（＝息子に会ったこと）は夢ではないかとばかり思われる。<br><br>忘れてもあるべきものをなかなかに間ふにつらさを思ひ出でつる〈続古今・一二四一〉<br>（ほうっておかれたら）忘れてもいられるのに、（どうかと）尋ねるので、<b>かえって</b>つらさを思い出してしまった。<br>"
"さすがに","そうはいってもやはり、なんといってもやはり","祇王もとより思ひまうけたる道なれども、さすがに昨日今日とは思ひよらず。〈平家・巻一〉<br>祇王は以前から予想していたことではあるけれども、<b>そうはいってもやはり</b>昨日今日（というさし迫ったもの）とは<br><br>男君も、さすがに貴人の子なれば、けはひも貴やかに、〈古本・上巻・二八話〉<br>男君も、<b>なんといってもやはり</b>高貴な方の子であるので、様子（態度）も高貴な感じで、<br>"
"かたみに（互に）","互いに","同じ心に、かやうに言ひかはし、世の中の憂きもつらきもをかしきも、かたみに言ひかたらふ人、筑前に下りて後、〈更級〉<br>気心が合うて、このように手紙のやり取りをし、世間のいやなこともつらいこともおもしろいことも、<b>互いに</b>語り合りている人が、筑前に下って後、<br>"
"うたて","いやな感じに、異様に怪しく","花も散りたるのちは、引だ。てぞ見ゆる。〈枕・比は正月〉<br>桜の花も散りてしまったあとは、<b>いやな感じに</b>見える。<br><br>（光源氏は）物に襲はるる心地して、驚き給へれば、灯も消えにけり。うたて思さるれば、太刀を引き抜きて、〈源氏・夕顔〉<br>（光源氏は夢の中で）物の怪か何かに襲われるような気持ちがして、はっとお目覚めになったところ、灯火も消えてしまった。<b>異様に怪しく（気味悪く）</b>お思いになったので、太刀を引き抜いて、<br><br>俊寛僧都一人、憂かりし鳥の島守になりにけるこそうたてけれ。〈平家・巻三〉<br>俊寛僧都一人だけ、つらかった島の番人になってしまった（＝都に帰されることもなく、鬼界が島に留め置かれた）のは<b>嘆かわしい（いやな）</b>ことである。<br>"
"なべて","一般に、並ひととおり","（都の人は）なベて（誰もみな同様に）心やはらかに、情けあるゆゑに、人のいふほどのこと、けやけくいなびがたくて、〈徒然・一四一段〉<br>（都の人は）<b>一般に</b>心が穏やかで、人情があるので、人が頼むようなことを、きっぱりと断りにくくて、<br><br>二の宮におはすらんと目とどむれば、御髪のかかりなべてならで、〈狭衣・巻二〉<br>二の宮でいらっしやるかと目を留めてみると、御髪のかかり具合が<b>並ひととおりでなく</b>（＝格段に美しく）、<br>"
"わざと","わざわざ、特に、正式な","わざとめでたき冊子ども、硯の箱の蓋に入れて遣せたり。〈更級〉<br>（親戚の人がわたしに）<b>特に</b>立派な物語の本などを、硯の箱の蓋に入れて贈ってよこした。<br><br>わざとの御学問はさるものにて、琴笛の音にも、〈源氏・桐壼〉<br><b>正式な</b>御学問はいうまでもなく、琴や笛（の演奏）の音色でも、<br><br>わざとならぬ匂ひしめやかにうち薫りて、〈徒然・三二段〉<br><b>ことさらではない</b>（＝さりげない）香の匂いがしっとりと薫って、<br>"
"あまた（数多）","たくさん","女御・更衣あまたさぷらひ給ひけるなかに、〈源氏・桐壼〉<br>女御・更衣（などの后妃）が<b>たくさん</b>お仕えなさっていた中で、<br><br>そこばくの捧げ物を木の枝につけて、堂の前に立てたれぱ、〈伊勢・七七段〉<br><b>たくさん</b>のお供え物を木の枝につけて、本堂の前に立てたので、<br>"
"ここら","たくさん、たいそう","物語は、ここらあるが中にも、この源氏のは一きはふかく心を入れて作れる物にして、〈玉の小櫛・巻一〉<br>物語は、<b>たくさん</b>あるその中でも、この「源氏物語」は特に一生懸命に作ったもので。<br><br>そこらの人のほめ感じて、〈枕・頭中将のすずろなるそらごとを聞きて〉<br><b>たくさん</b>の人がほめ感心して、<br><br>ここら悲しきさまざまの愁はしさはさし置かれて、〈源氏・明石〉<br><b>たいそう</b>悲しいあれこれのつらいことは自然と捨て置かれて、<br>"
"え（～打消）","ことができない","この玉たはやすくえ取らじを、〈竹取・竜の頸の玉〉<br>この玉は簡単に取る<b>ことはできないだろう</b>に角生ひたり。<br><br>唐の、大和の、珍しくえならぬ調度ども並べ置き、〈徒然・十段〉<br>中国の、日本の、珍しく<b>言いようもなくすばらしい</b>調度品を並べ置いて、<br><br>頭もえもいはず恐ろしげなる者どもなり。〈宇治・巻一・十七話〉<br>角が生えている。頭も<b>なんとも言えないほど</b>恐ろしそうな者である。<br>"
"な〜そ","〜するな、〜してはならない","や、な起こしたてまつりそ。幼き人は寝入りたまひにけり。〈宇治・巻一・十二話〉<br>おい、起こし申し上げる<b>な</b>。幼い人は寝入りなさってしまったよ。<br><br>さなせそ。〈枕・人ばへする物〉<br>そのように（―そんなことは）し<b>てはならない</b>。<br>"
"おほかた（大方）","まったく","人をやりて見するに、大方あへるものなし。〈徒然・五〇段〉<br>人をやって見せる（＝確かめさせる）が、<b>まったく</b>会った者はいない。<br><br>おほかた、振る舞ひて興あるよりも、興無くて安らかなるが、まさりたることなり。〈徒然・二三一段〉<br><b>だいたい</b>、（わざとらしく）振る舞っておもしろいことよりも、おもしろくなくても素直なほうが、まさっているものである。<br>"
"さらに（更に）","まったく","さらにまだ見ぬ骨のさまなり。〈枕・中納言まゐり給ひて〉<br><b>まったく</b>まだ見たこともない（すばらしい扇の）骨の様子である。<br>"
"<ruby><rb>世</rb><rt>よ</rt></ruby>に","まったく、実に","空をあふぎて、よに心得ぬけしきにて帰りてけり。〈宇治・巻九・一話〉<br>（男は）空を仰いで、<b>まったく</b>（わけが）分からない様子で帰ってしまった。<br><br>梨の花、よこにすさまじきものにして、〈枕・木の花は〉<br>梨の花は、<b>実に</b>おもしろくないものとして、<br>"
"たえて（絶えて）","まったく","世の中にたえて桜のなかりせば春の心はのどけからまし〈古今・五三〉<br>世の中に<b>まったく</b>桜がなかったならば、春の（人の）心はのどかだろうに。<br>"
"つゆ","少しも","やがて末まではあらねども、すべてつゆたがふことなかりけり。〈枕・清涼殿のうしとらのすみの〉<br>（女御は）そのまますぐに下の句まで（答えるということ）はないが、すべて（の歌を）<b>少し</b>も間違うことがなかった。<br>"
"ゆめ","決して","かかる忘れ形見を給はり置き侯ひぬる上は、ゆめゆめ粗略を存ずまじう侯ふ。〈平家・巻七〉<br>このような忘れ形見（＝巻物）をいただきました以上は、<b>決して</b>粗略を思う（＝いい加減に考える）つもりはありません。<br><br>ゆめこの雷落とすな。〈大和二三九段〉<br><b>決して</b>この雷を落とすな。<br>"
"つやつや","まったく","木の葉をかきのけたれど、つやつや物も見えず。〈徒然・五四段〉<br>木の葉をかきのけたが、<b>まったく</b>何も見えない。<br>"
"をさをさ","ほとんど","冬枯れの気色こそ秋にはをさをさおとるまじけれ。〈徒然・十九段〉<br>冬枯れの様子は秋には<b>ほとんど</b>劣らないだろう。<br>"
"よも","まさか","今はよも鳥に取られじ。〈宇治・巻三・十六話〉<br>もう今は<b>まさか</b>鳥に取られ（ることも）ないだろう。<br>"
"あなかしこ","決して","あなかしこあなかしこ、人に語りたまふな。〈宇治・巻十三・五話〉<br><b>決して決して</b>他人に語りなさるな。<br>"